date,county,state,fips,cases,deaths,day_num,new_cases,cases_growth,new_deaths,deaths_growth
2020-03-05,King,Washington,53033.0,52,11,0,19,0.5757575757575758,0,0.0
2020-03-06,King,Washington,53033.0,59,12,1,7,0.1346153846153846,1,0.09090909090909091
2020-03-07,Westchester,New York,36119.0,69,0,0,36,1.0909090909090908,0,
2020-03-07,King,Washington,53033.0,72,16,2,13,0.22033898305084745,4,0.3333333333333333
2020-03-08,Westchester,New York,36119.0,81,0,1,12,0.17391304347826086,0,
2020-03-08,King,Washington,53033.0,91,18,3,19,0.2638888888888889,2,0.125
2020-03-09,Westchester,New York,36119.0,97,0,2,16,0.19753086419753085,0,
2020-03-09,King,Washington,53033.0,117,21,4,26,0.2857142857142857,3,0.16666666666666666
2020-03-10,Westchester,New York,36119.0,107,0,3,10,0.10309278350515463,0,
2020-03-10,King,Washington,53033.0,191,23,5,74,0.6324786324786325,2,0.09523809523809523
2020-03-10,Snohomish,Washington,53061.0,61,0,0,16,0.35555555555555557,0,
2020-03-11,Santa Clara,California,6085.0,48,1,0,3,0.06666666666666667,0,0.0
2020-03-11,Westchester,New York,36119.0,120,0,4,13,0.12149532710280374,0,
2020-03-11,King,Washington,53033.0,235,27,6,44,0.23036649214659685,4,0.17391304347826086
2020-03-11,Snohomish,Washington,53061.0,69,1,1,8,0.13114754098360656,1,
2020-03-12,Santa Clara,California,6085.0,66,1,1,18,0.375,0,0.0
2020-03-12,Middlesex,Massachusetts,25017.0,49,0,0,8,0.1951219512195122,0,
2020-03-12,Westchester,New York,36119.0,147,0,5,27,0.225,0,
2020-03-12,King,Washington,53033.0,271,28,7,36,0.15319148936170213,1,0.037037037037037035
2020-03-12,Snohomish,Washington,53061.0,107,3,2,38,0.5507246376811594,2,2.0
2020-03-13,Santa Clara,California,6085.0,79,2,2,13,0.19696969696969696,1,1.0
2020-03-13,Middlesex,Massachusetts,25017.0,60,0,1,11,0.22448979591836735,0,
2020-03-13,Nassau,New York,36059.0,51,0,0,10,0.24390243902439024,0,
2020-03-13,Westchester,New York,36119.0,157,0,6,10,0.06802721088435375,0,
2020-03-13,King,Washington,53033.0,329,33,8,58,0.2140221402214022,5,0.17857142857142858
2020-03-13,Snohomish,Washington,53061.0,132,3,3,25,0.2336448598130841,0,0.0
2020-03-14,Los Angeles,California,6037.0,53,1,0,13,0.325,0,0.0
2020-03-14,Santa Clara,California,6085.0,91,2,3,12,0.1518987341772152,0,0.0
2020-03-14,Cook,Illinois,17031.0,51,0,0,11,0.275,0,
2020-03-14,Orleans,Louisiana,22071.0,53,1,0,25,0.8928571428571429,1,
2020-03-14,Middlesex,Massachusetts,25017.0,65,0,2,5,0.08333333333333333,0,
2020-03-14,Nassau,New York,36059.0,79,0,1,28,0.5490196078431373,0,
2020-03-14,Westchester,New York,36119.0,178,0,7,21,0.1337579617834395,0,
2020-03-14,King,Washington,53033.0,389,36,9,60,0.182370820668693,3,0.09090909090909091
2020-03-14,Snohomish,Washington,53061.0,154,3,4,22,0.16666666666666666,0,0.0
2020-03-15,Los Angeles,California,6037.0,69,1,1,16,0.3018867924528302,0,0.0
2020-03-15,Santa Clara,California,6085.0,114,2,4,23,0.25274725274725274,0,0.0
2020-03-15,Cook,Illinois,17031.0,76,0,1,25,0.49019607843137253,0,
2020-03-15,Orleans,Louisiana,22071.0,75,2,1,22,0.41509433962264153,1,1.0
2020-03-15,Middlesex,Massachusetts,25017.0,75,0,3,10,0.15384615384615385,0,
2020-03-15,Nassau,New York,36059.0,98,0,2,19,0.24050632911392406,0,
2020-03-15,Westchester,New York,36119.0,195,0,8,17,0.09550561797752809,0,
2020-03-15,King,Washington,53033.0,421,38,10,32,0.08226221079691516,2,0.05555555555555555
2020-03-15,Snohomish,Washington,53061.0,175,3,5,21,0.13636363636363635,0,0.0
2020-03-16,Los Angeles,California,6037.0,94,1,2,25,0.36231884057971014,0,0.0
2020-03-16,San Diego,California,6073.0,56,0,0,16,0.4,0,
2020-03-16,Santa Clara,California,6085.0,138,4,5,24,0.21052631578947367,2,1.0
2020-03-16,Cook,Illinois,17031.0,76,0,2,0,0.0,0,
2020-03-16,Orleans,Louisiana,22071.0,95,3,2,20,0.26666666666666666,1,0.5
2020-03-16,Middlesex,Massachusetts,25017.0,83,0,4,8,0.10666666666666667,0,
2020-03-16,Bergen,New Jersey,34003.0,61,2,0,29,0.90625,1,1.0
2020-03-16,Nassau,New York,36059.0,109,0,3,11,0.11224489795918367,0,
2020-03-16,Suffolk,New York,36103.0,63,2,0,16,0.3404255319148936,2,
2020-03-16,Westchester,New York,36119.0,219,0,9,24,0.12307692307692308,0,
2020-03-16,King,Washington,53033.0,489,44,11,68,0.16152019002375298,6,0.15789473684210525
2020-03-16,Snohomish,Washington,53061.0,199,3,6,24,0.13714285714285715,0,0.0
2020-03-17,Alameda,California,6001.0,49,0,0,9,0.225,0,
2020-03-17,Los Angeles,California,6037.0,144,1,3,50,0.5319148936170213,0,0.0
2020-03-17,San Diego,California,6073.0,61,0,1,5,0.08928571428571429,0,
2020-03-17,San Mateo,California,6081.0,64,1,0,22,0.5238095238095238,0,0.0
2020-03-17,Santa Clara,California,6085.0,155,5,6,17,0.12318840579710146,1,0.25
2020-03-17,Fairfield,Connecticut,9001.0,48,0,0,19,0.6551724137931034,0,
2020-03-17,Broward,Florida,12011.0,55,1,0,16,0.41025641025641024,1,
2020-03-17,Cook,Illinois,17031.0,107,1,3,31,0.40789473684210525,1,
2020-03-17,Orleans,Louisiana,22071.0,136,5,3,41,0.43157894736842106,2,0.6666666666666666
2020-03-17,Middlesex,Massachusetts,25017.0,89,0,5,6,0.07228915662650602,0,
2020-03-17,Bergen,New Jersey,34003.0,84,2,1,23,0.3770491803278688,0,0.0
2020-03-17,Nassau,New York,36059.0,131,2,4,22,0.2018348623853211,2,
2020-03-17,Suffolk,New York,36103.0,84,3,1,21,0.3333333333333333,1,0.5
2020-03-17,Westchester,New York,36119.0,379,0,10,160,0.730593607305936,0,
2020-03-17,King,Washington,53033.0,518,47,12,29,0.05930470347648262,3,0.06818181818181818
2020-03-17,Snohomish,Washington,53061.0,265,4,7,66,0.3316582914572864,1,0.3333333333333333
2020-03-18,Alameda,California,6001.0,53,0,1,4,0.08163265306122448,0,
2020-03-18,Los Angeles,California,6037.0,190,1,4,46,0.3194444444444444,0,0.0
2020-03-18,San Diego,California,6073.0,81,0,2,20,0.32786885245901637,0,
2020-03-18,San Francisco,California,6075.0,51,0,0,5,0.10869565217391304,0,
2020-03-18,San Mateo,California,6081.0,80,1,1,16,0.25,0,0.0
2020-03-18,Santa Clara,California,6085.0,175,6,7,20,0.12903225806451613,1,0.2
2020-03-18,Fairfield,Connecticut,9001.0,69,1,1,21,0.4375,1,
2020-03-18,Broward,Florida,12011.0,80,1,1,25,0.45454545454545453,0,0.0
2020-03-18,Miami-Dade,Florida,12086.0,77,0,0,34,0.7906976744186046,0,
2020-03-18,Fulton,Georgia,13121.0,49,0,0,16,0.48484848484848486,0,
2020-03-18,Cook,Illinois,17031.0,179,1,4,72,0.6728971962616822,0,0.0
2020-03-18,Orleans,Louisiana,22071.0,196,6,4,60,0.4411764705882353,1,0.2
2020-03-18,Middlesex,Massachusetts,25017.0,100,0,6,11,0.12359550561797752,0,
2020-03-18,Suffolk,Massachusetts,25025.0,51,0,0,9,0.21428571428571427,0,
2020-03-18,Clark,Nevada,32003.0,69,1,0,27,0.6428571428571429,0,0.0
2020-03-18,Bergen,New Jersey,34003.0,133,4,2,49,0.5833333333333334,2,1.0
2020-03-18,Nassau,New York,36059.0,183,2,5,52,0.3969465648854962,0,0.0
2020-03-18,Suffolk,New York,36103.0,116,3,2,32,0.38095238095238093,0,0.0
2020-03-18,Westchester,New York,36119.0,537,0,11,158,0.41688654353562005,0,
2020-03-18,Davidson,Tennessee,47037.0,58,0,0,16,0.38095238095238093,0,
2020-03-18,King,Washington,53033.0,563,57,13,45,0.08687258687258688,10,0.2127659574468085
2020-03-18,Pierce,Washington,53053.0,56,1,0,12,0.2727272727272727,1,
2020-03-18,Snohomish,Washington,53061.0,309,5,8,44,0.1660377358490566,1,0.25
2020-03-19,Alameda,California,6001.0,57,0,2,4,0.07547169811320754,0,
2020-03-19,Los Angeles,California,6037.0,231,2,5,41,0.21578947368421053,1,1.0
2020-03-19,Orange,California,6059.0,53,0,0,11,0.2619047619047619,0,
2020-03-19,San Diego,California,6073.0,105,0,3,24,0.2962962962962963,0,
2020-03-19,San Francisco,California,6075.0,73,0,1,22,0.43137254901960786,0,
2020-03-19,San Mateo,California,6081.0,89,1,2,9,0.1125,0,0.0
2020-03-19,Santa Clara,California,6085.0,189,6,8,14,0.08,0,0.0
2020-03-19,Denver,Colorado,8031.0,61,0,0,16,0.35555555555555557,0,
2020-03-19,Eagle,Colorado,8037.0,51,0,0,12,0.3076923076923077,0,
2020-03-19,Fairfield,Connecticut,9001.0,102,4,2,33,0.4782608695652174,3,3.0
2020-03-19,District of Columbia,District of Columbia,11001.0,68,0,0,32,0.8888888888888888,0,
2020-03-19,Broward,Florida,12011.0,96,1,2,16,0.2,0,0.0
2020-03-19,Miami-Dade,Florida,12086.0,101,0,1,24,0.3116883116883117,0,
2020-03-19,Fulton,Georgia,13121.0,68,2,1,19,0.3877551020408163,2,
2020-03-19,Cook,Illinois,17031.0,279,2,5,100,0.5586592178770949,1,1.0
2020-03-19,DuPage,Illinois,17043.0,54,0,0,9,0.2,0,
2020-03-19,Jefferson,Louisiana,22051.0,69,1,0,24,0.5333333333333333,0,0.0
2020-03-19,Orleans,Louisiana,22071.0,252,8,5,56,0.2857142857142857,2,0.3333333333333333
2020-03-19,Middlesex,Massachusetts,25017.0,119,0,7,19,0.19,0,
2020-03-19,Norfolk,Massachusetts,25021.0,52,0,0,7,0.15555555555555556,0,
2020-03-19,Suffolk,Massachusetts,25025.0,72,0,1,21,0.4117647058823529,0,
2020-03-19,Macomb,Michigan,26099.0,55,0,0,45,4.5,0,
2020-03-19,Oakland,Michigan,26125.0,105,0,0,82,3.5652173913043477,0,
2020-03-19,Wayne,Michigan,26163.0,119,3,0,96,4.173913043478261,2,2.0
2020-03-19,Clark,Nevada,32003.0,74,1,1,5,0.07246376811594203,0,0.0
2020-03-19,Bergen,New Jersey,34003.0,297,6,3,164,1.2330827067669172,2,0.5
2020-03-19,Essex,New Jersey,34013.0,63,2,0,18,0.4,2,
2020-03-19,Hudson,New Jersey,34017.0,55,0,0,21,0.6176470588235294,0,
2020-03-19,Middlesex,New Jersey,34023.0,64,0,0,24,0.6,0,
2020-03-19,Nassau,New York,36059.0,382,3,6,199,1.0874316939890711,1,0.5
2020-03-19,Orange,New York,36071.0,51,0,0,19,0.59375,0,
2020-03-19,Rockland,New York,36087.0,53,2,0,23,0.7666666666666667,0,0.0
2020-03-19,Suffolk,New York,36103.0,178,3,3,62,0.5344827586206896,0,0.0
2020-03-19,Westchester,New York,36119.0,797,0,12,260,0.48417132216014896,0,
2020-03-19,Cuyahoga,Ohio,39035.0,53,0,0,15,0.39473684210526316,0,
2020-03-19,Davidson,Tennessee,47037.0,75,0,1,17,0.29310344827586204,0,
2020-03-19,Dallas,Texas,48113.0,56,1,0,22,0.6470588235294118,1,
2020-03-19,King,Washington,53033.0,693,61,14,130,0.23090586145648312,4,0.07017543859649122
2020-03-19,Pierce,Washington,53053.0,75,1,1,19,0.3392857142857143,0,0.0
2020-03-19,Snohomish,Washington,53061.0,347,6,9,38,0.12297734627831715,1,0.2
2020-03-19,Milwaukee,Wisconsin,55079.0,62,0,0,15,0.3191489361702128,0,
2020-03-20,Jefferson,Alabama,1073.0,50,0,0,16,0.47058823529411764,0,
2020-03-20,Alameda,California,6001.0,67,0,3,10,0.17543859649122806,0,
2020-03-20,Los Angeles,California,6037.0,292,2,6,61,0.26406926406926406,0,0.0
2020-03-20,Orange,California,6059.0,65,0,1,12,0.22641509433962265,0,
2020-03-20,Sacramento,California,6067.0,52,3,0,8,0.18181818181818182,0,0.0
2020-03-20,San Diego,California,6073.0,131,0,4,26,0.24761904761904763,0,
2020-03-20,San Francisco,California,6075.0,79,0,2,6,0.0821917808219178,0,
2020-03-20,San Mateo,California,6081.0,100,1,3,11,0.12359550561797752,0,0.0
2020-03-20,Santa Clara,California,6085.0,196,8,9,7,0.037037037037037035,2,0.3333333333333333
2020-03-20,Denver,Colorado,8031.0,79,0,1,18,0.29508196721311475,0,
2020-03-20,Eagle,Colorado,8037.0,61,0,1,10,0.19607843137254902,0,
2020-03-20,Fairfield,Connecticut,9001.0,122,4,3,20,0.19607843137254902,0,0.0
2020-03-20,District of Columbia,District of Columbia,11001.0,77,1,1,9,0.1323529411764706,1,
2020-03-20,Broward,Florida,12011.0,128,2,3,32,0.3333333333333333,1,1.0
2020-03-20,Miami-Dade,Florida,12086.0,124,0,2,23,0.22772277227722773,0,
2020-03-20,Bartow,Georgia,13015.0,54,0,0,27,1.0,0,
2020-03-20,Cobb,Georgia,13067.0,51,2,0,13,0.34210526315789475,1,1.0
2020-03-20,Fulton,Georgia,13121.0,95,2,2,27,0.39705882352941174,0,0.0
2020-03-20,Cook,Illinois,17031.0,412,3,6,133,0.4767025089605735,1,0.5
2020-03-20,DuPage,Illinois,17043.0,57,0,1,3,0.05555555555555555,0,
2020-03-20,Lake,Illinois,17097.0,52,0,0,15,0.40540540540540543,0,
2020-03-20,Jefferson,Louisiana,22051.0,104,1,1,35,0.5072463768115942,0,0.0
2020-03-20,Orleans,Louisiana,22071.0,329,8,6,77,0.3055555555555556,0,0.0
2020-03-20,Montgomery,Maryland,24031.0,51,0,0,18,0.5454545454545454,0,
2020-03-20,Middlesex,Massachusetts,25017.0,144,0,8,25,0.21008403361344538,0,
2020-03-20,Norfolk,Massachusetts,25021.0,64,0,1,12,0.23076923076923078,0,
2020-03-20,Suffolk,Massachusetts,25025.0,87,1,2,15,0.20833333333333334,1,
2020-03-20,Macomb,Michigan,26099.0,86,0,1,31,0.5636363636363636,0,
2020-03-20,Oakland,Michigan,26125.0,184,1,1,79,0.7523809523809524,1,
2020-03-20,Wayne,Michigan,26163.0,216,3,1,97,0.8151260504201681,0,0.0
2020-03-20,Clark,Nevada,32003.0,126,2,2,52,0.7027027027027027,1,1.0
2020-03-20,Bergen,New Jersey,34003.0,342,7,4,45,0.15151515151515152,1,0.16666666666666666
2020-03-20,Essex,New Jersey,34013.0,73,3,1,10,0.15873015873015872,1,0.5
2020-03-20,Hudson,New Jersey,34017.0,66,0,1,11,0.2,0,
2020-03-20,Middlesex,New Jersey,34023.0,76,0,1,12,0.1875,0,
2020-03-20,Monmouth,New Jersey,34025.0,53,1,0,10,0.23255813953488372,0,0.0
2020-03-20,Ocean,New Jersey,34029.0,49,0,0,16,0.48484848484848486,0,
2020-03-20,Passaic,New Jersey,34031.0,49,0,0,11,0.2894736842105263,0,
2020-03-20,Albany,New York,36001.0,61,0,0,18,0.4186046511627907,0,
2020-03-20,Nassau,New York,36059.0,754,4,7,372,0.9738219895287958,1,0.3333333333333333
2020-03-20,Orange,New York,36071.0,84,0,1,33,0.6470588235294118,0,
2020-03-20,Rockland,New York,36087.0,101,3,1,48,0.9056603773584906,1,0.5
2020-03-20,Suffolk,New York,36103.0,371,7,4,193,1.0842696629213484,4,1.3333333333333333
2020-03-20,Westchester,New York,36119.0,1091,0,13,294,0.36888331242158096,0,
2020-03-20,Cuyahoga,Ohio,39035.0,69,0,1,16,0.3018867924528302,0,
2020-03-20,Montgomery,Pennsylvania,42091.0,59,0,0,12,0.2553191489361702,0,
2020-03-20,Davidson,Tennessee,47037.0,110,0,2,35,0.4666666666666667,0,
2020-03-20,Dallas,Texas,48113.0,74,1,1,18,0.32142857142857145,0,0.0
2020-03-20,Harris,Texas,48201.0,55,1,0,20,0.5714285714285714,0,0.0
2020-03-20,King,Washington,53033.0,794,68,15,101,0.14574314574314573,7,0.11475409836065574
2020-03-20,Pierce,Washington,53053.0,83,1,2,8,0.10666666666666667,0,0.0
2020-03-20,Snohomish,Washington,53061.0,384,7,10,37,0.10662824207492795,1,0.16666666666666666
2020-03-20,Milwaukee,Wisconsin,55079.0,95,1,1,33,0.532258064516129,1,
2020-03-21,Jefferson,Alabama,1073.0,61,0,1,11,0.22,0,
2020-03-21,Maricopa,Arizona,4013.0,49,1,0,15,0.4411764705882353,0,0.0
2020-03-21,Alameda,California,6001.0,87,0,4,20,0.29850746268656714,0,
2020-03-21,Contra Costa,California,6013.0,51,1,0,5,0.10869565217391304,0,0.0
2020-03-21,Los Angeles,California,6037.0,351,4,7,59,0.20205479452054795,2,1.0
2020-03-21,Orange,California,6059.0,78,0,2,13,0.2,0,
2020-03-21,Sacramento,California,6067.0,52,3,1,0,0.0,0,0.0
2020-03-21,San Diego,California,6073.0,159,0,5,28,0.21374045801526717,0,
2020-03-21,San Francisco,California,6075.0,84,0,3,5,0.06329113924050633,0,
2020-03-21,San Mateo,California,6081.0,110,1,4,10,0.1,0,0.0
2020-03-21,Santa Clara,California,6085.0,263,8,10,67,0.34183673469387754,0,0.0
2020-03-21,Denver,Colorado,8031.0,98,0,2,19,0.24050632911392406,0,
2020-03-21,Eagle,Colorado,8037.0,74,1,2,13,0.21311475409836064,1,
2020-03-21,Fairfield,Connecticut,9001.0,140,4,4,18,0.14754098360655737,0,0.0
2020-03-21,District of Columbia,District of Columbia,11001.0,98,1,2,21,0.2727272727272727,0,0.0
2020-03-21,Broward,Florida,12011.0,164,3,4,36,0.28125,1,0.5
2020-03-21,Miami-Dade,Florida,12086.0,170,0,3,46,0.3709677419354839,0,
2020-03-21,Palm Beach,Florida,12099.0,56,0,0,15,0.36585365853658536,0,
2020-03-21,Bartow,Georgia,13015.0,55,0,1,1,0.018518518518518517,0,
2020-03-21,Cobb,Georgia,13067.0,56,5,1,5,0.09803921568627451,3,1.5
2020-03-21,Fulton,Georgia,13121.0,100,3,3,5,0.05263157894736842,1,0.5
2020-03-21,Cook,Illinois,17031.0,548,4,7,136,0.3300970873786408,1,0.3333333333333333
2020-03-21,DuPage,Illinois,17043.0,68,0,2,11,0.19298245614035087,0,
2020-03-21,Lake,Illinois,17097.0,63,0,1,11,0.21153846153846154,0,
2020-03-21,Jefferson,Louisiana,22051.0,166,2,2,62,0.5961538461538461,1,1.0
2020-03-21,Orleans,Louisiana,22071.0,418,13,7,89,0.270516717325228,5,0.625
2020-03-21,Montgomery,Maryland,24031.0,68,1,1,17,0.3333333333333333,1,
2020-03-21,Middlesex,Massachusetts,25017.0,177,1,9,33,0.22916666666666666,1,
2020-03-21,Norfolk,Massachusetts,25021.0,69,0,2,5,0.078125,0,
2020-03-21,Suffolk,Massachusetts,25025.0,108,1,3,21,0.2413793103448276,0,0.0
2020-03-21,Macomb,Michigan,26099.0,101,0,2,15,0.1744186046511628,0,
2020-03-21,Oakland,Michigan,26125.0,229,1,2,45,0.24456521739130435,0,0.0
2020-03-21,Wayne,Michigan,26163.0,349,4,2,133,0.6157407407407407,1,0.3333333333333333
2020-03-21,Hennepin,Minnesota,27053.0,52,0,0,8,0.18181818181818182,0,
2020-03-21,Clark,Nevada,32003.0,126,2,3,0,0.0,0,0.0
2020-03-21,Bergen,New Jersey,34003.0,362,9,5,20,0.05847953216374269,2,0.2857142857142857
2020-03-21,Essex,New Jersey,34013.0,107,4,2,34,0.4657534246575342,1,0.3333333333333333
2020-03-21,Hudson,New Jersey,34017.0,97,0,2,31,0.4696969696969697,0,
2020-03-21,Middlesex,New Jersey,34023.0,116,0,2,40,0.5263157894736842,0,
2020-03-21,Monmouth,New Jersey,34025.0,92,2,1,39,0.7358490566037735,1,1.0
2020-03-21,Morris,New Jersey,34027.0,64,1,0,29,0.8285714285714286,1,
2020-03-21,Ocean,New Jersey,34029.0,62,0,1,13,0.2653061224489796,0,
2020-03-21,Passaic,New Jersey,34031.0,67,0,1,18,0.3673469387755102,0,
2020-03-21,Union,New Jersey,34039.0,81,0,0,38,0.8837209302325582,0,
2020-03-21,Albany,New York,36001.0,88,0,1,27,0.4426229508196721,0,
2020-03-21,Dutchess,New York,36027.0,49,0,0,13,0.3611111111111111,0,
2020-03-21,Nassau,New York,36059.0,1234,7,8,480,0.636604774535809,3,0.75
2020-03-21,Orange,New York,36071.0,163,0,2,79,0.9404761904761905,0,
2020-03-21,Rockland,New York,36087.0,262,3,2,161,1.5940594059405941,0,0.0
2020-03-21,Suffolk,New York,36103.0,662,9,5,291,0.784366576819407,2,0.2857142857142857
2020-03-21,Westchester,New York,36119.0,1387,0,14,296,0.27131072410632445,0,
2020-03-21,Wake,North Carolina,37183.0,49,0,0,24,0.96,0,
2020-03-21,Cuyahoga,Ohio,39035.0,92,1,2,23,0.3333333333333333,1,
2020-03-21,Montgomery,Pennsylvania,42091.0,77,0,1,18,0.3050847457627119,0,
2020-03-21,Philadelphia,Pennsylvania,42101.0,69,0,0,27,0.6428571428571429,0,
2020-03-21,Davidson,Tennessee,47037.0,140,2,3,30,0.2727272727272727,2,
2020-03-21,Bexar,Texas,48029.0,50,0,0,10,0.25,0,
2020-03-21,Dallas,Texas,48113.0,95,1,2,21,0.28378378378378377,0,0.0
2020-03-21,Harris,Texas,48201.0,68,1,1,13,0.23636363636363636,0,0.0
2020-03-21,Travis,Texas,48453.0,62,0,0,41,1.9523809523809523,0,
2020-03-21,Salt Lake,Utah,49035.0,60,0,0,14,0.30434782608695654,0,
2020-03-21,King,Washington,53033.0,935,76,16,141,0.17758186397984888,8,0.11764705882352941
2020-03-21,Pierce,Washington,53053.0,95,1,3,12,0.14457831325301204,0,0.0
2020-03-21,Snohomish,Washington,53061.0,446,9,11,62,0.16145833333333334,2,0.2857142857142857
2020-03-21,Dane,Wisconsin,55025.0,49,0,0,17,0.53125,0,
2020-03-21,Milwaukee,Wisconsin,55079.0,126,2,2,31,0.3263157894736842,1,1.0
2020-03-22,Jefferson,Alabama,1073.0,71,0,2,10,0.16393442622950818,0,
2020-03-22,Maricopa,Arizona,4013.0,81,2,1,32,0.6530612244897959,1,1.0
2020-03-22,Pulaski,Arkansas,5119.0,52,0,0,24,0.8571428571428571,0,
2020-03-22,Alameda,California,6001.0,127,0,5,40,0.45977011494252873,0,
2020-03-22,Contra Costa,California,6013.0,61,1,1,10,0.19607843137254902,0,0.0
2020-03-22,Los Angeles,California,6037.0,421,5,8,70,0.19943019943019943,1,0.25
2020-03-22,Orange,California,6059.0,95,0,3,17,0.21794871794871795,0,
2020-03-22,Sacramento,California,6067.0,52,3,2,0,0.0,0,0.0
2020-03-22,San Diego,California,6073.0,205,0,6,46,0.2893081761006289,0,
2020-03-22,San Francisco,California,6075.0,111,0,4,27,0.32142857142857145,0,
2020-03-22,San Mateo,California,6081.0,117,1,5,7,0.06363636363636363,0,0.0
2020-03-22,Santa Clara,California,6085.0,303,11,11,40,0.1520912547528517,3,0.375
2020-03-22,Denver,Colorado,8031.0,125,0,3,27,0.2755102040816326,0,
2020-03-22,Eagle,Colorado,8037.0,80,1,3,6,0.08108108108108109,0,0.0
2020-03-22,El Paso,Colorado,8041.0,51,3,0,14,0.3783783783783784,0,0.0
2020-03-22,Jefferson,Colorado,8059.0,51,0,0,8,0.18604651162790697,0,
2020-03-22,Fairfield,Connecticut,9001.0,208,5,5,68,0.4857142857142857,1,0.25
2020-03-22,Hartford,Connecticut,9003.0,54,1,0,19,0.5428571428571428,1,
2020-03-22,District of Columbia,District of Columbia,11001.0,116,2,3,18,0.1836734693877551,1,1.0
2020-03-22,Broward,Florida,12011.0,217,3,5,53,0.3231707317073171,0,0.0
2020-03-22,Hillsborough,Florida,12057.0,58,0,0,11,0.23404255319148937,0,
2020-03-22,Miami-Dade,Florida,12086.0,228,0,4,58,0.3411764705882353,0,
2020-03-22,Palm Beach,Florida,12099.0,70,1,1,14,0.25,1,
2020-03-22,Bartow,Georgia,13015.0,56,1,2,1,0.01818181818181818,1,
2020-03-22,Cobb,Georgia,13067.0,67,5,2,11,0.19642857142857142,0,0.0
2020-03-22,DeKalb,Georgia,13089.0,53,0,0,11,0.2619047619047619,0,
2020-03-22,Dougherty,Georgia,13095.0,52,6,0,5,0.10638297872340426,0,0.0
2020-03-22,Fulton,Georgia,13121.0,111,3,4,11,0.11,0,0.0
2020-03-22,Cook,Illinois,17031.0,805,6,8,257,0.46897810218978103,2,0.5
2020-03-22,DuPage,Illinois,17043.0,79,0,3,11,0.16176470588235295,0,
2020-03-22,Lake,Illinois,17097.0,69,0,2,6,0.09523809523809523,0,
2020-03-22,Marion,Indiana,18097.0,82,3,0,36,0.782608695652174,1,0.5
2020-03-22,Jefferson,Louisiana,22051.0,184,3,3,18,0.10843373493975904,1,0.5
2020-03-22,Orleans,Louisiana,22071.0,451,15,8,33,0.07894736842105263,2,0.15384615384615385
2020-03-22,Cumberland,Maine,23005.0,56,0,0,15,0.36585365853658536,0,
2020-03-22,Montgomery,Maryland,24031.0,83,1,2,15,0.22058823529411764,0,0.0
2020-03-22,Essex,Massachusetts,25009.0,60,0,0,19,0.4634146341463415,0,
2020-03-22,Middlesex,Massachusetts,25017.0,199,1,10,22,0.12429378531073447,0,0.0
2020-03-22,Norfolk,Massachusetts,25021.0,75,0,3,6,0.08695652173913043,0,
2020-03-22,Suffolk,Massachusetts,25025.0,126,2,4,18,0.16666666666666666,1,1.0
2020-03-22,Macomb,Michigan,26099.0,140,1,3,39,0.38613861386138615,1,
2020-03-22,Oakland,Michigan,26125.0,277,1,3,48,0.2096069868995633,0,0.0
2020-03-22,Wayne,Michigan,26163.0,477,5,3,128,0.3667621776504298,1,0.25
2020-03-22,Hennepin,Minnesota,27053.0,57,0,1,5,0.09615384615384616,0,
2020-03-22,St. Louis,Missouri,29189.0,55,1,0,33,1.5,0,0.0
2020-03-22,Clark,Nevada,32003.0,126,2,4,0,0.0,0,0.0
2020-03-22,Bergen,New Jersey,34003.0,457,10,6,95,0.26243093922651933,1,0.1111111111111111
2020-03-22,Essex,New Jersey,34013.0,172,4,3,65,0.6074766355140186,0,0.0
2020-03-22,Hudson,New Jersey,34017.0,126,0,3,29,0.29896907216494845,0,
2020-03-22,Middlesex,New Jersey,34023.0,147,1,3,31,0.2672413793103448,1,
2020-03-22,Monmouth,New Jersey,34025.0,158,2,2,66,0.717391304347826,0,0.0
2020-03-22,Morris,New Jersey,34027.0,119,1,1,55,0.859375,0,0.0
2020-03-22,Ocean,New Jersey,34029.0,102,0,2,40,0.6451612903225806,0,
2020-03-22,Passaic,New Jersey,34031.0,95,1,2,28,0.417910447761194,1,
2020-03-22,Somerset,New Jersey,34035.0,51,1,0,17,0.5,1,
2020-03-22,Union,New Jersey,34039.0,124,0,1,43,0.5308641975308642,0,
2020-03-22,Albany,New York,36001.0,123,0,2,35,0.3977272727272727,0,
2020-03-22,Dutchess,New York,36027.0,82,0,1,33,0.673469387755102,0,
2020-03-22,Erie,New York,36029.0,54,0,0,16,0.42105263157894735,0,
2020-03-22,Monroe,New York,36055.0,57,0,0,15,0.35714285714285715,0,
2020-03-22,Nassau,New York,36059.0,1900,7,9,666,0.539708265802269,0,0.0
2020-03-22,Orange,New York,36071.0,247,0,3,84,0.5153374233128835,0,
2020-03-22,Rockland,New York,36087.0,455,3,3,193,0.7366412213740458,0,0.0
2020-03-22,Suffolk,New York,36103.0,1034,12,6,372,0.5619335347432024,3,0.3333333333333333
2020-03-22,Westchester,New York,36119.0,1873,0,15,486,0.35039653929343906,0,
2020-03-22,Mecklenburg,North Carolina,37119.0,66,0,0,25,0.6097560975609756,0,
2020-03-22,Wake,North Carolina,37183.0,49,0,1,0,0.0,0,
2020-03-22,Cuyahoga,Ohio,39035.0,125,1,3,33,0.358695652173913,0,0.0
2020-03-22,Washington,Oregon,41067.0,55,1,0,13,0.30952380952380953,0,0.0
2020-03-22,Montgomery,Pennsylvania,42091.0,110,1,2,33,0.42857142857142855,1,
2020-03-22,Philadelphia,Pennsylvania,42101.0,91,0,1,22,0.3188405797101449,0,
2020-03-22,Davidson,Tennessee,47037.0,167,2,4,27,0.19285714285714287,0,0.0
2020-03-22,Shelby,Tennessee,47157.0,66,0,0,24,0.5714285714285714,0,
2020-03-22,Williamson,Tennessee,47187.0,48,0,0,1,0.02127659574468085,0,
2020-03-22,Bexar,Texas,48029.0,50,1,1,0,0.0,1,
2020-03-22,Dallas,Texas,48113.0,132,2,3,37,0.3894736842105263,1,1.0
2020-03-22,Harris,Texas,48201.0,74,1,2,6,0.08823529411764706,0,0.0
2020-03-22,Travis,Texas,48453.0,79,0,1,17,0.27419354838709675,0,
2020-03-22,Salt Lake,Utah,49035.0,84,0,1,24,0.4,0,
2020-03-22,Summit,Utah,49043.0,50,0,0,15,0.42857142857142855,0,
2020-03-22,King,Washington,53033.0,1036,77,17,101,0.10802139037433155,1,0.013157894736842105
2020-03-22,Pierce,Washington,53053.0,107,1,4,12,0.12631578947368421,0,0.0
2020-03-22,Snohomish,Washington,53061.0,480,10,12,34,0.07623318385650224,1,0.1111111111111111
2020-03-22,Dane,Wisconsin,55025.0,61,0,1,12,0.24489795918367346,0,
2020-03-22,Milwaukee,Wisconsin,55079.0,183,2,3,57,0.4523809523809524,0,0.0
2020-03-23,Jefferson,Alabama,1073.0,86,0,3,15,0.2112676056338028,0,
2020-03-23,Maricopa,Arizona,4013.0,139,2,2,58,0.7160493827160493,0,0.0
2020-03-23,Pulaski,Arkansas,5119.0,54,0,1,2,0.038461538461538464,0,
2020-03-23,Alameda,California,6001.0,139,1,6,12,0.09448818897637795,1,
2020-03-23,Contra Costa,California,6013.0,71,1,2,10,0.16393442622950818,0,0.0
2020-03-23,Los Angeles,California,6037.0,536,7,9,115,0.27315914489311166,2,0.4
2020-03-23,Orange,California,6059.0,125,0,4,30,0.3157894736842105,0,
2020-03-23,Riverside,California,6065.0,48,6,0,3,0.06666666666666667,0,0.0
2020-03-23,Sacramento,California,6067.0,87,4,3,35,0.6730769230769231,1,0.3333333333333333
2020-03-23,San Diego,California,6073.0,230,0,7,25,0.12195121951219512,0,
2020-03-23,San Francisco,California,6075.0,134,0,5,23,0.2072072072072072,0,
2020-03-23,San Joaquin,California,6077.0,51,2,0,10,0.24390243902439024,0,0.0
2020-03-23,San Mateo,California,6081.0,142,1,6,25,0.21367521367521367,0,0.0
2020-03-23,Santa Clara,California,6085.0,321,11,12,18,0.0594059405940594,0,0.0
2020-03-23,Arapahoe,Colorado,8005.0,58,0,0,13,0.28888888888888886,0,
2020-03-23,Denver,Colorado,8031.0,148,0,4,23,0.184,0,
2020-03-23,Douglas,Colorado,8035.0,48,0,0,15,0.45454545454545453,0,
2020-03-23,Eagle,Colorado,8037.0,92,1,4,12,0.15,0,0.0
2020-03-23,El Paso,Colorado,8041.0,69,4,1,18,0.35294117647058826,1,0.3333333333333333
2020-03-23,Jefferson,Colorado,8059.0,55,0,1,4,0.0784313725490196,0,
2020-03-23,Weld,Colorado,8123.0,50,2,0,13,0.35135135135135137,0,0.0
2020-03-23,Fairfield,Connecticut,9001.0,270,6,6,62,0.2980769230769231,1,0.2
2020-03-23,Hartford,Connecticut,9003.0,61,2,1,7,0.12962962962962962,1,1.0
2020-03-23,New Castle,Delaware,10003.0,58,0,0,19,0.48717948717948717,0,
2020-03-23,District of Columbia,District of Columbia,11001.0,138,2,4,22,0.1896551724137931,0,0.0
2020-03-23,Broward,Florida,12011.0,262,3,6,45,0.2073732718894009,0,0.0
2020-03-23,Duval,Florida,12031.0,50,3,0,11,0.28205128205128205,1,0.5
2020-03-23,Hillsborough,Florida,12057.0,75,0,1,17,0.29310344827586204,0,
2020-03-23,Miami-Dade,Florida,12086.0,277,0,5,49,0.2149122807017544,0,
2020-03-23,Palm Beach,Florida,12099.0,88,3,2,18,0.2571428571428571,2,2.0
2020-03-23,Bartow,Georgia,13015.0,61,1,3,5,0.08928571428571429,0,0.0
2020-03-23,Cobb,Georgia,13067.0,79,5,3,12,0.1791044776119403,0,0.0
2020-03-23,DeKalb,Georgia,13089.0,74,0,1,21,0.39622641509433965,0,
2020-03-23,Dougherty,Georgia,13095.0,69,6,1,17,0.3269230769230769,0,0.0
2020-03-23,Fulton,Georgia,13121.0,152,3,5,41,0.36936936936936937,0,0.0
2020-03-23,Honolulu,Hawaii,15003.0,53,0,0,12,0.2926829268292683,0,
2020-03-23,Cook,Illinois,17031.0,922,9,9,117,0.1453416149068323,3,0.5
2020-03-23,DuPage,Illinois,17043.0,95,0,4,16,0.20253164556962025,0,
2020-03-23,Lake,Illinois,17097.0,96,0,3,27,0.391304347826087,0,
2020-03-23,Marion,Indiana,18097.0,110,3,1,28,0.34146341463414637,0,0.0
2020-03-23,Jefferson,Louisiana,22051.0,252,5,4,68,0.3695652173913043,2,0.6666666666666666
2020-03-23,Orleans,Louisiana,22071.0,567,20,9,116,0.2572062084257206,5,0.3333333333333333
2020-03-23,Cumberland,Maine,23005.0,66,0,1,10,0.17857142857142858,0,
2020-03-23,Montgomery,Maryland,24031.0,93,1,3,10,0.12048192771084337,0,0.0
2020-03-23,Essex,Massachusetts,25009.0,73,0,1,13,0.21666666666666667,0,
2020-03-23,Middlesex,Massachusetts,25017.0,232,1,11,33,0.1658291457286432,0,0.0
2020-03-23,Norfolk,Massachusetts,25021.0,82,0,4,7,0.09333333333333334,0,
2020-03-23,Suffolk,Massachusetts,25025.0,154,2,5,28,0.2222222222222222,0,0.0
2020-03-23,Macomb,Michigan,26099.0,175,2,4,35,0.25,1,1.0
2020-03-23,Oakland,Michigan,26125.0,329,4,4,52,0.18772563176895307,3,3.0
2020-03-23,Wayne,Michigan,26163.0,638,8,4,161,0.33752620545073375,3,0.6
2020-03-23,Hennepin,Minnesota,27053.0,89,0,2,32,0.5614035087719298,0,
2020-03-23,St. Louis,Missouri,29189.0,68,1,1,13,0.23636363636363636,0,0.0
2020-03-23,Douglas,Nebraska,31055.0,50,0,0,4,0.08695652173913043,0,
2020-03-23,Clark,Nevada,32003.0,151,4,5,25,0.1984126984126984,2,1.0
2020-03-23,Bergen,New Jersey,34003.0,609,12,7,152,0.33260393873085337,2,0.2
2020-03-23,Essex,New Jersey,34013.0,273,5,4,101,0.5872093023255814,1,0.25
2020-03-23,Hudson,New Jersey,34017.0,190,0,4,64,0.5079365079365079,0,
2020-03-23,Mercer,New Jersey,34021.0,50,0,0,10,0.25,0,
2020-03-23,Middlesex,New Jersey,34023.0,210,1,4,63,0.42857142857142855,0,0.0
2020-03-23,Monmouth,New Jersey,34025.0,238,2,3,80,0.5063291139240507,0,0.0
2020-03-23,Morris,New Jersey,34027.0,177,1,2,58,0.48739495798319327,0,0.0
2020-03-23,Ocean,New Jersey,34029.0,144,0,3,42,0.4117647058823529,0,
2020-03-23,Passaic,New Jersey,34031.0,141,2,3,46,0.4842105263157895,1,1.0
2020-03-23,Somerset,New Jersey,34035.0,67,2,1,16,0.3137254901960784,1,1.0
2020-03-23,Union,New Jersey,34039.0,189,1,2,65,0.5241935483870968,1,
2020-03-23,Albany,New York,36001.0,127,0,3,4,0.032520325203252036,0,
2020-03-23,Dutchess,New York,36027.0,100,0,2,18,0.21951219512195122,0,
2020-03-23,Erie,New York,36029.0,87,0,1,33,0.6111111111111112,0,
2020-03-23,Monroe,New York,36055.0,76,0,1,19,0.3333333333333333,0,
2020-03-23,Nassau,New York,36059.0,2442,9,10,542,0.28526315789473683,2,0.2857142857142857
2020-03-23,Onondaga,New York,36067.0,52,0,0,23,0.7931034482758621,0,
2020-03-23,Orange,New York,36071.0,389,0,4,142,0.5748987854251012,0,
2020-03-23,Rockland,New York,36087.0,592,5,4,137,0.3010989010989011,2,0.6666666666666666
2020-03-23,Saratoga,New York,36091.0,53,0,0,12,0.2926829268292683,0,
2020-03-23,Suffolk,New York,36103.0,1458,13,7,424,0.41005802707930367,1,0.08333333333333333
2020-03-23,Westchester,New York,36119.0,2894,0,16,1021,0.5451147891083823,0,
2020-03-23,Mecklenburg,North Carolina,37119.0,80,0,1,14,0.21212121212121213,0,
2020-03-23,Wake,North Carolina,37183.0,52,0,2,3,0.061224489795918366,0,
2020-03-23,Cuyahoga,Ohio,39035.0,149,1,4,24,0.192,0,0.0
2020-03-23,Washington,Oregon,41067.0,69,1,1,14,0.2545454545454545,0,0.0
2020-03-23,Allegheny,Pennsylvania,42003.0,48,1,0,8,0.2,0,0.0
2020-03-23,Delaware,Pennsylvania,42045.0,54,0,0,11,0.2558139534883721,0,
2020-03-23,Montgomery,Pennsylvania,42091.0,129,2,3,19,0.17272727272727273,1,1.0
2020-03-23,Philadelphia,Pennsylvania,42101.0,128,0,2,37,0.4065934065934066,0,
2020-03-23,Kershaw,South Carolina,45055.0,54,1,0,10,0.22727272727272727,1,
2020-03-23,Davidson,Tennessee,47037.0,184,2,5,17,0.10179640718562874,0,0.0
2020-03-23,Shelby,Tennessee,47157.0,66,0,1,0,0.0,0,
2020-03-23,Williamson,Tennessee,47187.0,48,0,1,0,0.0,0,
2020-03-23,Bexar,Texas,48029.0,50,1,2,0,0.0,0,0.0
2020-03-23,Dallas,Texas,48113.0,159,2,4,27,0.20454545454545456,0,0.0
2020-03-23,Harris,Texas,48201.0,78,1,3,4,0.05405405405405406,0,0.0
2020-03-23,Tarrant,Texas,48439.0,57,1,0,10,0.2127659574468085,0,0.0
2020-03-23,Travis,Texas,48453.0,79,0,2,0,0.0,0,
2020-03-23,Salt Lake,Utah,49035.0,112,0,2,28,0.3333333333333333,0,
2020-03-23,Summit,Utah,49043.0,73,0,1,23,0.46,0,
2020-03-23,King,Washington,53033.0,1166,88,18,130,0.12548262548262548,11,0.14285714285714285
2020-03-23,Pierce,Washington,53053.0,126,1,5,19,0.17757009345794392,0,0.0
2020-03-23,Snohomish,Washington,53061.0,518,10,13,38,0.07916666666666666,0,0.0
2020-03-23,Whatcom,Washington,53073.0,48,2,0,29,1.5263157894736843,0,0.0
2020-03-23,Dane,Wisconsin,55025.0,61,0,2,0,0.0,0,
2020-03-23,Milwaukee,Wisconsin,55079.0,206,3,4,23,0.12568306010928962,1,0.5
2020-03-24,Jefferson,Alabama,1073.0,91,0,4,5,0.05813953488372093,0,
2020-03-24,Maricopa,Arizona,4013.0,199,2,3,60,0.4316546762589928,0,0.0
2020-03-24,Pulaski,Arkansas,5119.0,64,1,2,10,0.18518518518518517,1,
2020-03-24,Alameda,California,6001.0,151,2,7,12,0.08633093525179857,1,1.0
2020-03-24,Contra Costa,California,6013.0,86,1,3,15,0.2112676056338028,0,0.0
2020-03-24,Los Angeles,California,6037.0,662,11,10,126,0.23507462686567165,4,0.5714285714285714
2020-03-24,Marin,California,6041.0,53,0,0,6,0.1276595744680851,0,
2020-03-24,Orange,California,6059.0,152,0,5,27,0.216,0,
2020-03-24,Riverside,California,6065.0,59,6,1,11,0.22916666666666666,0,0.0
2020-03-24,Sacramento,California,6067.0,87,4,4,0,0.0,0,0.0
2020-03-24,San Diego,California,6073.0,242,1,8,12,0.05217391304347826,1,
2020-03-24,San Francisco,California,6075.0,152,0,6,18,0.13432835820895522,0,
2020-03-24,San Joaquin,California,6077.0,60,2,1,9,0.17647058823529413,0,0.0
2020-03-24,San Mateo,California,6081.0,161,1,7,19,0.13380281690140844,0,0.0
2020-03-24,Santa Clara,California,6085.0,375,17,13,54,0.16822429906542055,6,0.5454545454545454
2020-03-24,Arapahoe,Colorado,8005.0,69,0,1,11,0.1896551724137931,0,
2020-03-24,Boulder,Colorado,8013.0,49,0,0,10,0.2564102564102564,0,
2020-03-24,Denver,Colorado,8031.0,176,0,5,28,0.1891891891891892,0,
2020-03-24,Douglas,Colorado,8035.0,53,0,1,5,0.10416666666666667,0,
2020-03-24,Eagle,Colorado,8037.0,96,1,5,4,0.043478260869565216,0,0.0
2020-03-24,El Paso,Colorado,8041.0,106,4,2,37,0.5362318840579711,0,0.0
2020-03-24,Jefferson,Colorado,8059.0,73,0,2,18,0.32727272727272727,0,
2020-03-24,Weld,Colorado,8123.0,76,2,1,26,0.52,0,0.0
2020-03-24,Fairfield,Connecticut,9001.0,384,7,7,114,0.4222222222222222,1,0.16666666666666666
2020-03-24,Hartford,Connecticut,9003.0,88,2,2,27,0.4426229508196721,0,0.0
2020-03-24,New Haven,Connecticut,9009.0,89,0,0,48,1.170731707317073,0,
2020-03-24,New Castle,Delaware,10003.0,71,0,1,13,0.22413793103448276,0,
2020-03-24,District of Columbia,District of Columbia,11001.0,183,2,5,45,0.32608695652173914,0,0.0
2020-03-24,Broward,Florida,12011.0,312,3,7,50,0.19083969465648856,0,0.0
2020-03-24,Duval,Florida,12031.0,50,3,1,0,0.0,0,0.0
2020-03-24,Hillsborough,Florida,12057.0,95,0,2,20,0.26666666666666666,0,
2020-03-24,Miami-Dade,Florida,12086.0,365,0,6,88,0.3176895306859206,0,
2020-03-24,Orange,Florida,12095.0,50,1,0,3,0.06382978723404255,0,0.0
2020-03-24,Palm Beach,Florida,12099.0,102,3,3,14,0.1590909090909091,0,0.0
2020-03-24,Bartow,Georgia,13015.0,76,1,4,15,0.2459016393442623,0,0.0
2020-03-24,Cobb,Georgia,13067.0,90,5,4,11,0.13924050632911392,0,0.0
2020-03-24,DeKalb,Georgia,13089.0,107,0,2,33,0.44594594594594594,0,
2020-03-24,Dougherty,Georgia,13095.0,101,6,2,32,0.463768115942029,0,0.0
2020-03-24,Fulton,Georgia,13121.0,191,4,6,39,0.2565789473684211,1,0.3333333333333333
2020-03-24,Honolulu,Hawaii,15003.0,58,0,1,5,0.09433962264150944,0,
2020-03-24,Cook,Illinois,17031.0,1194,12,10,272,0.2950108459869848,3,0.3333333333333333
2020-03-24,DuPage,Illinois,17043.0,103,1,5,8,0.08421052631578947,1,
2020-03-24,Lake,Illinois,17097.0,111,0,4,15,0.15625,0,
2020-03-24,Marion,Indiana,18097.0,161,6,2,51,0.4636363636363636,3,1.0
2020-03-24,East Baton Rouge,Louisiana,22033.0,58,2,0,15,0.3488372093023256,1,1.0
2020-03-24,Jefferson,Louisiana,22051.0,293,6,5,41,0.1626984126984127,1,0.2
2020-03-24,Orleans,Louisiana,22071.0,675,26,10,108,0.19047619047619047,6,0.3
2020-03-24,St. Tammany,Louisiana,22103.0,52,1,0,5,0.10638297872340426,1,
2020-03-24,Cumberland,Maine,23005.0,74,0,2,8,0.12121212121212122,0,
2020-03-24,Montgomery,Maryland,24031.0,107,1,4,14,0.15053763440860216,0,0.0
2020-03-24,Prince George's,Maryland,24033.0,63,2,0,16,0.3404255319148936,1,1.0
2020-03-24,Essex,Massachusetts,25009.0,118,0,2,45,0.6164383561643836,0,
2020-03-24,Middlesex,Massachusetts,25017.0,304,2,12,72,0.3103448275862069,1,1.0
2020-03-24,Norfolk,Massachusetts,25021.0,129,0,5,47,0.573170731707317,0,
2020-03-24,Plymouth,Massachusetts,25023.0,64,0,0,32,1.0,0,
2020-03-24,Suffolk,Massachusetts,25025.0,234,2,6,80,0.5194805194805194,0,0.0
2020-03-24,Worcester,Massachusetts,25027.0,73,0,0,31,0.7380952380952381,0,
2020-03-24,Macomb,Michigan,26099.0,225,3,5,50,0.2857142857142857,1,0.5
2020-03-24,Oakland,Michigan,26125.0,428,4,5,99,0.3009118541033435,0,0.0
2020-03-24,Washtenaw,Michigan,26161.0,50,3,0,8,0.19047619047619047,2,2.0
2020-03-24,Wayne,Michigan,26163.0,873,13,5,235,0.3683385579937304,5,0.625
2020-03-24,Hennepin,Minnesota,27053.0,103,0,3,14,0.15730337078651685,0,
2020-03-24,St. Louis,Missouri,29189.0,68,1,2,0,0.0,0,0.0
2020-03-24,Douglas,Nebraska,31055.0,52,0,1,2,0.04,0,
2020-03-24,Clark,Nevada,32003.0,249,6,6,98,0.6490066225165563,2,0.5
2020-03-24,Bergen,New Jersey,34003.0,701,14,8,92,0.1510673234811166,2,0.16666666666666666
2020-03-24,Camden,New Jersey,34007.0,51,1,0,18,0.5454545454545454,1,
2020-03-24,Essex,New Jersey,34013.0,342,8,5,69,0.25274725274725274,3,0.6
2020-03-24,Hudson,New Jersey,34017.0,234,3,5,44,0.23157894736842105,3,
2020-03-24,Mercer,New Jersey,34021.0,58,0,1,8,0.16,0,
2020-03-24,Middlesex,New Jersey,34023.0,277,1,5,67,0.319047619047619,0,0.0
2020-03-24,Monmouth,New Jersey,34025.0,288,4,4,50,0.21008403361344538,2,1.0
2020-03-24,Morris,New Jersey,34027.0,204,4,3,27,0.15254237288135594,3,3.0
2020-03-24,Ocean,New Jersey,34029.0,180,1,4,36,0.25,1,
2020-03-24,Passaic,New Jersey,34031.0,216,3,4,75,0.5319148936170213,1,0.5
2020-03-24,Somerset,New Jersey,34035.0,102,2,2,35,0.5223880597014925,0,0.0
2020-03-24,Union,New Jersey,34039.0,246,2,3,57,0.30158730158730157,1,1.0
2020-03-24,Albany,New York,36001.0,146,0,4,19,0.14960629921259844,0,
2020-03-24,Dutchess,New York,36027.0,124,0,3,24,0.24,0,
2020-03-24,Erie,New York,36029.0,107,0,2,20,0.22988505747126436,0,
2020-03-24,Monroe,New York,36055.0,96,0,2,20,0.2631578947368421,0,
2020-03-24,Nassau,New York,36059.0,2869,9,11,427,0.17485667485667486,0,0.0
2020-03-24,Onondaga,New York,36067.0,60,0,1,8,0.15384615384615385,0,
2020-03-24,Orange,New York,36071.0,498,0,5,109,0.2802056555269923,0,
2020-03-24,Putnam,New York,36079.0,67,0,0,22,0.4888888888888889,0,
2020-03-24,Rockland,New York,36087.0,671,5,5,79,0.13344594594594594,0,0.0
2020-03-24,Saratoga,New York,36091.0,60,0,1,7,0.1320754716981132,0,
2020-03-24,Suffolk,New York,36103.0,1880,13,8,422,0.289437585733882,0,0.0
2020-03-24,Westchester,New York,36119.0,3891,6,17,997,0.3445058742225294,6,
2020-03-24,Durham,North Carolina,37063.0,63,0,0,23,0.575,0,
2020-03-24,Mecklenburg,North Carolina,37119.0,104,0,2,24,0.3,0,
2020-03-24,Wake,North Carolina,37183.0,54,0,3,2,0.038461538461538464,0,
2020-03-24,Cuyahoga,Ohio,39035.0,167,2,5,18,0.12080536912751678,1,1.0
2020-03-24,Franklin,Ohio,39049.0,75,2,0,29,0.6304347826086957,0,0.0
2020-03-24,Washington,Oregon,41067.0,76,2,2,7,0.10144927536231885,1,1.0
2020-03-24,Allegheny,Pennsylvania,42003.0,58,2,1,10,0.20833333333333334,1,1.0
2020-03-24,Bucks,Pennsylvania,42017.0,65,0,0,22,0.5116279069767442,0,
2020-03-24,Delaware,Pennsylvania,42045.0,84,0,1,30,0.5555555555555556,0,
2020-03-24,Montgomery,Pennsylvania,42091.0,144,2,4,15,0.11627906976744186,0,0.0
2020-03-24,Philadelphia,Pennsylvania,42101.0,177,0,3,49,0.3828125,0,
2020-03-24,Kershaw,South Carolina,45055.0,58,1,1,4,0.07407407407407407,0,0.0
2020-03-24,Davidson,Tennessee,47037.0,253,2,6,69,0.375,0,0.0
2020-03-24,Shelby,Tennessee,47157.0,135,0,2,69,1.0454545454545454,0,
2020-03-24,Williamson,Tennessee,47187.0,64,0,2,16,0.3333333333333333,0,
2020-03-24,Bexar,Texas,48029.0,68,1,3,18,0.36,0,0.0
2020-03-24,Collin,Texas,48085.0,53,1,0,8,0.17777777777777778,0,0.0
2020-03-24,Dallas,Texas,48113.0,169,5,5,10,0.06289308176100629,3,1.5
2020-03-24,Harris,Texas,48201.0,134,1,4,56,0.717948717948718,0,0.0
2020-03-24,Tarrant,Texas,48439.0,57,1,1,0,0.0,0,0.0
2020-03-24,Travis,Texas,48453.0,79,0,3,0,0.0,0,
2020-03-24,Salt Lake,Utah,49035.0,127,0,3,15,0.13392857142857142,0,
2020-03-24,Summit,Utah,49043.0,90,0,2,17,0.2328767123287671,0,
2020-03-24,King,Washington,53033.0,1278,95,19,112,0.09605488850771869,7,0.07954545454545454
2020-03-24,Pierce,Washington,53053.0,138,1,6,12,0.09523809523809523,0,0.0
2020-03-24,Skagit,Washington,53057.0,48,1,0,3,0.06666666666666667,0,0.0
2020-03-24,Snohomish,Washington,53061.0,613,15,14,95,0.1833976833976834,5,0.5
2020-03-24,Whatcom,Washington,53073.0,64,2,1,16,0.3333333333333333,0,0.0
2020-03-24,Dane,Wisconsin,55025.0,72,0,3,11,0.18032786885245902,0,
2020-03-24,Milwaukee,Wisconsin,55079.0,243,3,5,37,0.1796116504854369,0,0.0
2020-03-25,Jefferson,Alabama,1073.0,129,0,5,38,0.4175824175824176,0,
2020-03-25,Maricopa,Arizona,4013.0,251,2,4,52,0.2613065326633166,0,0.0
2020-03-25,Pima,Arizona,4019.0,49,0,0,7,0.16666666666666666,0,
2020-03-25,Pulaski,Arkansas,5119.0,79,1,3,15,0.234375,0,0.0
2020-03-25,Alameda,California,6001.0,156,2,8,5,0.033112582781456956,0,0.0
2020-03-25,Contra Costa,California,6013.0,108,1,4,22,0.2558139534883721,0,0.0
2020-03-25,Los Angeles,California,6037.0,799,13,11,137,0.20694864048338368,2,0.18181818181818182
2020-03-25,Marin,California,6041.0,53,0,1,0,0.0,0,
2020-03-25,Orange,California,6059.0,187,1,6,35,0.23026315789473684,1,
2020-03-25,Riverside,California,6065.0,107,8,2,48,0.8135593220338984,2,0.3333333333333333
2020-03-25,Sacramento,California,6067.0,112,5,5,25,0.28735632183908044,1,0.25
2020-03-25,San Bernardino,California,6071.0,54,2,0,16,0.42105263157894735,1,1.0
2020-03-25,San Diego,California,6073.0,297,2,9,55,0.22727272727272727,1,1.0
2020-03-25,San Francisco,California,6075.0,181,1,7,29,0.19078947368421054,1,
2020-03-25,San Joaquin,California,6077.0,71,3,2,11,0.18333333333333332,1,0.5
2020-03-25,San Mateo,California,6081.0,165,5,8,4,0.024844720496894408,4,4.0
2020-03-25,Santa Clara,California,6085.0,459,18,14,84,0.224,1,0.058823529411764705
2020-03-25,Ventura,California,6111.0,50,1,0,11,0.28205128205128205,0,0.0
2020-03-25,Arapahoe,Colorado,8005.0,88,0,2,19,0.2753623188405797,0,
2020-03-25,Boulder,Colorado,8013.0,51,0,1,2,0.04081632653061224,0,
2020-03-25,Denver,Colorado,8031.0,214,3,6,38,0.2159090909090909,3,
2020-03-25,Douglas,Colorado,8035.0,58,0,2,5,0.09433962264150944,0,
2020-03-25,Eagle,Colorado,8037.0,120,1,6,24,0.25,0,0.0
2020-03-25,El Paso,Colorado,8041.0,122,5,3,16,0.1509433962264151,1,0.25
2020-03-25,Gunnison,Colorado,8051.0,52,1,0,12,0.3,0,0.0
2020-03-25,Jefferson,Colorado,8059.0,93,2,3,20,0.273972602739726,2,
2020-03-25,Weld,Colorado,8123.0,87,4,2,11,0.14473684210526316,2,1.0
2020-03-25,Fairfield,Connecticut,9001.0,546,12,8,162,0.421875,5,0.7142857142857143
2020-03-25,Hartford,Connecticut,9003.0,116,2,3,28,0.3181818181818182,0,0.0
2020-03-25,New Haven,Connecticut,9009.0,127,2,1,38,0.42696629213483145,2,
2020-03-25,New Castle,Delaware,10003.0,79,0,2,8,0.11267605633802817,0,
2020-03-25,District of Columbia,District of Columbia,11001.0,231,3,6,48,0.26229508196721313,1,0.5
2020-03-25,Broward,Florida,12011.0,412,3,8,100,0.32051282051282054,0,0.0
2020-03-25,Collier,Florida,12021.0,57,0,0,16,0.3902439024390244,0,
2020-03-25,Duval,Florida,12031.0,60,3,2,10,0.2,0,0.0
2020-03-25,Hillsborough,Florida,12057.0,123,0,3,28,0.29473684210526313,0,
2020-03-25,Lee,Florida,12071.0,52,3,0,18,0.5294117647058824,0,0.0
2020-03-25,Miami-Dade,Florida,12086.0,489,0,7,124,0.33972602739726027,0,
2020-03-25,Orange,Florida,12095.0,87,2,1,37,0.74,1,1.0
2020-03-25,Palm Beach,Florida,12099.0,139,3,4,37,0.3627450980392157,0,0.0
2020-03-25,Pinellas,Florida,12103.0,54,1,0,9,0.2,0,0.0
2020-03-25,Bartow,Georgia,13015.0,82,1,5,6,0.07894736842105263,0,0.0
2020-03-25,Carroll,Georgia,13045.0,50,0,0,24,0.9230769230769231,0,
2020-03-25,Cobb,Georgia,13067.0,109,5,5,19,0.2111111111111111,0,0.0
2020-03-25,DeKalb,Georgia,13089.0,125,0,3,18,0.16822429906542055,0,
2020-03-25,Dougherty,Georgia,13095.0,123,6,3,22,0.21782178217821782,0,0.0
2020-03-25,Fulton,Georgia,13121.0,204,4,7,13,0.06806282722513089,0,0.0
2020-03-25,Gwinnett,Georgia,13135.0,69,1,0,23,0.5,0,0.0
2020-03-25,Honolulu,Hawaii,15003.0,68,0,2,10,0.1724137931034483,0,
2020-03-25,Blaine,Idaho,16013.0,52,0,0,19,0.5757575757575758,0,
2020-03-25,Cook,Illinois,17031.0,1418,13,11,224,0.18760469011725292,1,0.08333333333333333
2020-03-25,DuPage,Illinois,17043.0,131,1,6,28,0.27184466019417475,0,0.0
2020-03-25,Lake,Illinois,17097.0,139,0,5,28,0.25225225225225223,0,
2020-03-25,Will,Illinois,17197.0,50,2,0,26,1.0833333333333333,1,1.0
2020-03-25,Marion,Indiana,18097.0,226,6,3,65,0.40372670807453415,0,0.0
2020-03-25,Ascension,Louisiana,22005.0,65,1,0,29,0.8055555555555556,0,0.0
2020-03-25,Caddo,Louisiana,22017.0,93,0,0,53,1.325,0,
2020-03-25,East Baton Rouge,Louisiana,22033.0,75,3,1,17,0.29310344827586204,1,0.5
2020-03-25,Jefferson,Louisiana,22051.0,359,7,6,66,0.22525597269624573,1,0.16666666666666666
2020-03-25,Orleans,Louisiana,22071.0,827,37,11,152,0.22518518518518518,11,0.4230769230769231
2020-03-25,St. Tammany,Louisiana,22103.0,67,1,1,15,0.28846153846153844,0,0.0
2020-03-25,Cumberland,Maine,23005.0,87,0,3,13,0.17567567567567569,0,
2020-03-25,Baltimore,Maryland,24005.0,51,1,0,9,0.21428571428571427,0,0.0
2020-03-25,Baltimore city,Maryland,24510.0,53,0,0,12,0.2926829268292683,0,
2020-03-25,Montgomery,Maryland,24031.0,127,1,5,20,0.18691588785046728,0,0.0
2020-03-25,Prince George's,Maryland,24033.0,76,2,1,13,0.20634920634920634,0,0.0
2020-03-25,Barnstable,Massachusetts,25001.0,51,1,0,11,0.275,1,
2020-03-25,Berkshire,Massachusetts,25003.0,71,2,0,34,0.918918918918919,0,0.0
2020-03-25,Bristol,Massachusetts,25005.0,67,0,0,36,1.1612903225806452,0,
2020-03-25,Essex,Massachusetts,25009.0,177,0,3,59,0.5,0,
2020-03-25,Middlesex,Massachusetts,25017.0,446,2,13,142,0.46710526315789475,0,0.0
2020-03-25,Norfolk,Massachusetts,25021.0,222,1,6,93,0.7209302325581395,1,
2020-03-25,Plymouth,Massachusetts,25023.0,101,0,1,37,0.578125,0,
2020-03-25,Suffolk,Massachusetts,25025.0,342,2,7,108,0.46153846153846156,0,0.0
2020-03-25,Worcester,Massachusetts,25027.0,129,2,1,56,0.7671232876712328,2,
2020-03-25,Macomb,Michigan,26099.0,281,7,6,56,0.24888888888888888,4,1.3333333333333333
2020-03-25,Oakland,Michigan,26125.0,543,10,6,115,0.26869158878504673,6,1.5
2020-03-25,Washtenaw,Michigan,26161.0,72,3,1,22,0.44,0,0.0
2020-03-25,Wayne,Michigan,26163.0,1122,21,6,249,0.2852233676975945,8,0.6153846153846154
2020-03-25,Hennepin,Minnesota,27053.0,111,0,4,8,0.07766990291262135,0,
2020-03-25,St. Louis,Missouri,29189.0,129,1,3,61,0.8970588235294118,0,0.0
2020-03-25,St. Louis city,Missouri,29510.0,53,1,0,38,2.533333333333333,0,0.0
2020-03-25,Douglas,Nebraska,31055.0,54,0,2,2,0.038461538461538464,0,
2020-03-25,Clark,Nevada,32003.0,249,6,7,0,0.0,0,0.0
2020-03-25,Washoe,Nevada,32031.0,57,0,0,13,0.29545454545454547,0,
2020-03-25,Rockingham,New Hampshire,33015.0,56,0,0,14,0.3333333333333333,0,
2020-03-25,Bergen,New Jersey,34003.0,819,15,9,118,0.16833095577746077,1,0.07142857142857142
2020-03-25,Burlington,New Jersey,34005.0,48,1,0,6,0.14285714285714285,1,
2020-03-25,Camden,New Jersey,34007.0,61,1,1,10,0.19607843137254902,0,0.0
2020-03-25,Essex,New Jersey,34013.0,381,11,6,39,0.11403508771929824,3,0.375
2020-03-25,Hudson,New Jersey,34017.0,260,4,6,26,0.1111111111111111,1,0.3333333333333333
2020-03-25,Mercer,New Jersey,34021.0,82,0,2,24,0.41379310344827586,0,
2020-03-25,Middlesex,New Jersey,34023.0,316,2,6,39,0.1407942238267148,1,1.0
2020-03-25,Monmouth,New Jersey,34025.0,313,6,5,25,0.08680555555555555,2,0.5
2020-03-25,Morris,New Jersey,34027.0,223,5,4,19,0.09313725490196079,1,0.25
2020-03-25,Ocean,New Jersey,34029.0,222,5,5,42,0.23333333333333334,4,4.0
2020-03-25,Passaic,New Jersey,34031.0,255,4,5,39,0.18055555555555555,1,0.3333333333333333
2020-03-25,Somerset,New Jersey,34035.0,117,3,3,15,0.14705882352941177,1,0.5
2020-03-25,Union,New Jersey,34039.0,262,3,4,16,0.06504065040650407,1,0.5
2020-03-25,Bernalillo,New Mexico,35001.0,48,0,0,5,0.11627906976744186,0,
2020-03-25,Albany,New York,36001.0,152,0,5,6,0.0410958904109589,0,
2020-03-25,Dutchess,New York,36027.0,153,0,4,29,0.23387096774193547,0,
2020-03-25,Erie,New York,36029.0,122,0,3,15,0.14018691588785046,0,
2020-03-25,Monroe,New York,36055.0,118,0,3,22,0.22916666666666666,0,
2020-03-25,Nassau,New York,36059.0,3285,17,12,416,0.1449982572324852,8,0.8888888888888888
2020-03-25,Onondaga,New York,36067.0,65,0,2,5,0.08333333333333333,0,
2020-03-25,Orange,New York,36071.0,638,0,6,140,0.28112449799196787,0,
2020-03-25,Putnam,New York,36079.0,84,0,1,17,0.2537313432835821,0,
2020-03-25,Rockland,New York,36087.0,1069,7,6,398,0.5931445603576752,2,0.4
2020-03-25,Saratoga,New York,36091.0,64,0,2,4,0.06666666666666667,0,
2020-03-25,Schenectady,New York,36093.0,55,0,0,9,0.1956521739130435,0,
2020-03-25,Suffolk,New York,36103.0,2260,20,9,380,0.20212765957446807,7,0.5384615384615384
2020-03-25,Ulster,New York,36111.0,65,0,0,18,0.3829787234042553,0,
2020-03-25,Westchester,New York,36119.0,4691,6,18,800,0.20560267283474684,0,0.0
2020-03-25,Durham,North Carolina,37063.0,74,0,1,11,0.1746031746031746,0,
2020-03-25,Mecklenburg,North Carolina,37119.0,170,0,3,66,0.6346153846153846,0,
2020-03-25,Wake,North Carolina,37183.0,73,0,4,19,0.35185185185185186,0,
2020-03-25,Cuyahoga,Ohio,39035.0,206,2,6,39,0.23353293413173654,0,0.0
2020-03-25,Franklin,Ohio,39049.0,88,2,1,13,0.17333333333333334,0,0.0
2020-03-25,Hamilton,Ohio,39061.0,48,0,0,10,0.2631578947368421,0,
2020-03-25,Oklahoma,Oklahoma,40109.0,55,2,0,14,0.34146341463414637,2,
2020-03-25,Washington,Oregon,41067.0,96,2,3,20,0.2631578947368421,0,0.0
2020-03-25,Allegheny,Pennsylvania,42003.0,88,2,2,30,0.5172413793103449,0,0.0
2020-03-25,Bucks,Pennsylvania,42017.0,110,0,1,45,0.6923076923076923,0,
2020-03-25,Chester,Pennsylvania,42029.0,54,0,0,14,0.35,0,
2020-03-25,Delaware,Pennsylvania,42045.0,101,0,2,17,0.20238095238095238,0,
2020-03-25,Monroe,Pennsylvania,42089.0,51,1,0,6,0.13333333333333333,0,0.0
2020-03-25,Montgomery,Pennsylvania,42091.0,172,2,5,28,0.19444444444444445,0,0.0
2020-03-25,Philadelphia,Pennsylvania,42101.0,257,1,4,80,0.4519774011299435,1,
2020-03-25,Charleston,South Carolina,45019.0,52,1,0,16,0.4444444444444444,0,0.0
2020-03-25,Greenville,South Carolina,45045.0,50,0,0,11,0.28205128205128205,0,
2020-03-25,Kershaw,South Carolina,45055.0,63,1,2,5,0.08620689655172414,0,0.0
2020-03-25,Richland,South Carolina,45079.0,59,0,0,14,0.3111111111111111,0,
2020-03-25,Davidson,Tennessee,47037.0,257,2,7,4,0.015810276679841896,0,0.0
2020-03-25,Shelby,Tennessee,47157.0,170,0,3,35,0.25925925925925924,0,
2020-03-25,Williamson,Tennessee,47187.0,66,0,3,2,0.03125,0,
2020-03-25,Bexar,Texas,48029.0,69,1,4,1,0.014705882352941176,0,0.0
2020-03-25,Collin,Texas,48085.0,53,1,1,0,0.0,0,0.0
2020-03-25,Dallas,Texas,48113.0,169,6,6,0,0.0,1,0.2
2020-03-25,Denton,Texas,48121.0,70,0,0,32,0.8421052631578947,0,
2020-03-25,Fort Bend,Texas,48157.0,54,0,0,12,0.2857142857142857,0,
2020-03-25,Harris,Texas,48201.0,185,1,5,51,0.3805970149253731,0,0.0
2020-03-25,Tarrant,Texas,48439.0,71,1,2,14,0.24561403508771928,0,0.0
2020-03-25,Travis,Texas,48453.0,119,0,4,40,0.5063291139240507,0,
2020-03-25,Salt Lake,Utah,49035.0,151,0,4,24,0.1889763779527559,0,
2020-03-25,Summit,Utah,49043.0,90,0,3,0,0.0,0,
2020-03-25,Chittenden,Vermont,50007.0,55,6,0,15,0.375,5,5.0
2020-03-25,Fairfax,Virginia,51059.0,76,1,0,30,0.6521739130434783,0,0.0
2020-03-25,King,Washington,53033.0,1360,101,20,82,0.06416275430359937,6,0.06315789473684211
2020-03-25,Pierce,Washington,53053.0,155,2,7,17,0.12318840579710146,1,1.0
2020-03-25,Skagit,Washington,53057.0,63,1,1,15,0.3125,0,0.0
2020-03-25,Snohomish,Washington,53061.0,633,15,15,20,0.03262642740619902,0,0.0
2020-03-25,Spokane,Washington,53063.0,55,0,0,22,0.6666666666666666,0,
2020-03-25,Whatcom,Washington,53073.0,66,2,2,2,0.03125,0,0.0
2020-03-25,Yakima,Washington,53077.0,51,1,0,7,0.1590909090909091,0,0.0
2020-03-25,Dane,Wisconsin,55025.0,88,1,4,16,0.2222222222222222,1,
2020-03-25,Milwaukee,Wisconsin,55079.0,325,4,6,82,0.3374485596707819,1,0.3333333333333333
2020-03-26,Jefferson,Alabama,1073.0,173,0,6,44,0.34108527131782945,0,
2020-03-26,Shelby,Alabama,1117.0,53,0,0,11,0.2619047619047619,0,
2020-03-26,Maricopa,Arizona,4013.0,299,4,5,48,0.19123505976095617,2,1.0
2020-03-26,Pima,Arizona,4019.0,75,0,1,26,0.5306122448979592,0,
2020-03-26,Pulaski,Arkansas,5119.0,83,1,4,4,0.05063291139240506,0,0.0
2020-03-26,Alameda,California,6001.0,199,4,9,43,0.27564102564102566,2,1.0
2020-03-26,Contra Costa,California,6013.0,131,1,5,23,0.21296296296296297,0,0.0
2020-03-26,Los Angeles,California,6037.0,1216,21,12,417,0.5219023779724656,8,0.6153846153846154
2020-03-26,Marin,California,6041.0,65,0,2,12,0.22641509433962265,0,
2020-03-26,Orange,California,6059.0,256,1,7,69,0.3689839572192513,0,0.0
2020-03-26,Riverside,California,6065.0,107,8,3,0,0.0,0,0.0
2020-03-26,Sacramento,California,6067.0,112,5,6,0,0.0,0,0.0
2020-03-26,San Bernardino,California,6071.0,55,3,1,1,0.018518518518518517,1,0.5
2020-03-26,San Diego,California,6073.0,341,3,10,44,0.14814814814814814,1,0.5
2020-03-26,San Francisco,California,6075.0,226,2,8,45,0.24861878453038674,1,1.0
2020-03-26,San Joaquin,California,6077.0,83,3,3,12,0.16901408450704225,0,0.0
2020-03-26,San Luis Obispo,California,6079.0,54,0,0,8,0.17391304347826086,0,
2020-03-26,San Mateo,California,6081.0,195,5,9,30,0.18181818181818182,0,0.0
2020-03-26,Santa Clara,California,6085.0,542,20,15,83,0.18082788671023964,2,0.1111111111111111
2020-03-26,Sonoma,California,6097.0,49,1,0,10,0.2564102564102564,0,0.0
2020-03-26,Ventura,California,6111.0,61,1,1,11,0.22,0,0.0
2020-03-26,Adams,Colorado,8001.0,50,0,0,12,0.3157894736842105,0,
2020-03-26,Arapahoe,Colorado,8005.0,119,1,3,31,0.3522727272727273,1,
2020-03-26,Boulder,Colorado,8013.0,66,0,2,15,0.29411764705882354,0,
2020-03-26,Denver,Colorado,8031.0,262,3,7,48,0.22429906542056074,0,0.0
2020-03-26,Douglas,Colorado,8035.0,67,0,3,9,0.15517241379310345,0,
2020-03-26,Eagle,Colorado,8037.0,147,1,7,27,0.225,0,0.0
2020-03-26,El Paso,Colorado,8041.0,137,7,4,15,0.12295081967213115,2,0.4
2020-03-26,Gunnison,Colorado,8051.0,57,1,1,5,0.09615384615384616,0,0.0
2020-03-26,Jefferson,Colorado,8059.0,131,3,4,38,0.40860215053763443,1,0.5
2020-03-26,Larimer,Colorado,8069.0,61,1,0,16,0.35555555555555557,0,0.0
2020-03-26,Weld,Colorado,8123.0,107,4,3,20,0.22988505747126436,0,0.0
2020-03-26,Fairfield,Connecticut,9001.0,607,13,9,61,0.11172161172161173,1,0.08333333333333333
2020-03-26,Hartford,Connecticut,9003.0,138,2,4,22,0.1896551724137931,0,0.0
2020-03-26,New Haven,Connecticut,9009.0,156,2,2,29,0.2283464566929134,0,0.0
2020-03-26,New Castle,Delaware,10003.0,91,0,3,12,0.1518987341772152,0,
2020-03-26,District of Columbia,District of Columbia,11001.0,267,3,7,36,0.15584415584415584,0,0.0
2020-03-26,Alachua,Florida,12001.0,53,0,0,7,0.15217391304347827,0,
2020-03-26,Broward,Florida,12011.0,505,3,9,93,0.22572815533980584,0,0.0
2020-03-26,Collier,Florida,12021.0,67,0,1,10,0.17543859649122806,0,
2020-03-26,Duval,Florida,12031.0,82,3,3,22,0.36666666666666664,0,0.0
2020-03-26,Hillsborough,Florida,12057.0,151,1,4,28,0.22764227642276422,1,
2020-03-26,Lee,Florida,12071.0,66,3,1,14,0.2692307692307692,0,0.0
2020-03-26,Miami-Dade,Florida,12086.0,653,0,8,164,0.33537832310838445,0,
2020-03-26,Orange,Florida,12095.0,118,3,2,31,0.3563218390804598,1,0.5
2020-03-26,Palm Beach,Florida,12099.0,172,3,5,33,0.23741007194244604,0,0.0
2020-03-26,Pinellas,Florida,12103.0,65,1,1,11,0.2037037037037037,0,0.0
2020-03-26,Bartow,Georgia,13015.0,93,1,6,11,0.13414634146341464,0,0.0
2020-03-26,Carroll,Georgia,13045.0,52,0,1,2,0.04,0,
2020-03-26,Cobb,Georgia,13067.0,119,5,6,10,0.09174311926605505,0,0.0
2020-03-26,DeKalb,Georgia,13089.0,137,0,4,12,0.096,0,
2020-03-26,Dougherty,Georgia,13095.0,164,6,4,41,0.3333333333333333,0,0.0
2020-03-26,Fulton,Georgia,13121.0,231,4,8,27,0.1323529411764706,0,0.0
2020-03-26,Gwinnett,Georgia,13135.0,79,1,1,10,0.14492753623188406,0,0.0
2020-03-26,Honolulu,Hawaii,15003.0,77,0,3,9,0.1323529411764706,0,
2020-03-26,Ada,Idaho,16001.0,54,0,0,17,0.4594594594594595,0,
2020-03-26,Blaine,Idaho,16013.0,82,2,1,30,0.5769230769230769,2,
2020-03-26,Cook,Illinois,17031.0,1904,18,12,486,0.3427362482369535,5,0.38461538461538464
2020-03-26,DuPage,Illinois,17043.0,182,1,7,51,0.3893129770992366,0,0.0
2020-03-26,Kane,Illinois,17089.0,57,1,0,19,0.5,0,0.0
2020-03-26,Lake,Illinois,17097.0,185,0,6,46,0.33093525179856115,0,
2020-03-26,Will,Illinois,17197.0,67,3,1,17,0.34,1,0.5
2020-03-26,Marion,Indiana,18097.0,293,6,4,67,0.29646017699115046,0,0.0
2020-03-26,Johnson,Iowa,19103.0,49,0,0,6,0.13953488372093023,0,
2020-03-26,Johnson,Kansas,20091.0,59,1,0,13,0.2826086956521739,0,0.0
2020-03-26,Jefferson,Kentucky,21111.0,57,3,0,14,0.32558139534883723,0,0.0
2020-03-26,Ascension,Louisiana,22005.0,91,1,1,26,0.4,0,0.0
2020-03-26,Caddo,Louisiana,22017.0,115,1,1,22,0.23655913978494625,1,
2020-03-26,East Baton Rouge,Louisiana,22033.0,105,4,2,30,0.4,1,0.3333333333333333
2020-03-26,Jefferson,Louisiana,22051.0,458,12,7,99,0.2757660167130919,5,0.7142857142857143
2020-03-26,Orleans,Louisiana,22071.0,997,46,12,170,0.20556227327690446,9,0.24324324324324326
2020-03-26,St. Tammany,Louisiana,22103.0,89,1,2,22,0.3283582089552239,0,0.0
2020-03-26,Cumberland,Maine,23005.0,90,0,4,3,0.034482758620689655,0,
2020-03-26,Baltimore,Maryland,24005.0,81,1,1,30,0.5882352941176471,0,0.0
2020-03-26,Baltimore city,Maryland,24510.0,72,0,1,19,0.3584905660377358,0,
2020-03-26,Howard,Maryland,24027.0,49,0,0,14,0.4,0,
2020-03-26,Montgomery,Maryland,24031.0,164,1,6,37,0.29133858267716534,0,0.0
2020-03-26,Prince George's,Maryland,24033.0,101,2,2,25,0.32894736842105265,0,0.0
2020-03-26,Barnstable,Massachusetts,25001.0,67,1,1,16,0.3137254901960784,0,0.0
2020-03-26,Berkshire,Massachusetts,25003.0,73,2,1,2,0.028169014084507043,0,0.0
2020-03-26,Bristol,Massachusetts,25005.0,90,0,1,23,0.34328358208955223,0,
2020-03-26,Essex,Massachusetts,25009.0,247,2,4,70,0.3954802259887006,2,
2020-03-26,Hampden,Massachusetts,25013.0,55,2,0,10,0.2222222222222222,1,1.0
2020-03-26,Middlesex,Massachusetts,25017.0,538,5,14,92,0.2062780269058296,3,1.5
2020-03-26,Norfolk,Massachusetts,25021.0,292,2,7,70,0.3153153153153153,1,1.0
2020-03-26,Plymouth,Massachusetts,25023.0,138,0,2,37,0.36633663366336633,0,
2020-03-26,Suffolk,Massachusetts,25025.0,448,3,8,106,0.30994152046783624,1,0.5
2020-03-26,Worcester,Massachusetts,25027.0,166,3,2,37,0.2868217054263566,1,0.5
2020-03-26,Genesee,Michigan,26049.0,63,1,0,17,0.3695652173913043,1,
2020-03-26,Macomb,Michigan,26099.0,347,11,7,66,0.23487544483985764,4,0.5714285714285714
2020-03-26,Oakland,Michigan,26125.0,695,17,7,152,0.27992633517495397,7,0.7
2020-03-26,Washtenaw,Michigan,26161.0,92,3,2,20,0.2777777777777778,0,0.0
2020-03-26,Wayne,Michigan,26163.0,1389,26,7,267,0.23796791443850268,5,0.23809523809523808
2020-03-26,Hennepin,Minnesota,27053.0,128,0,5,17,0.15315315315315314,0,
2020-03-26,DeSoto,Mississippi,28033.0,49,0,0,13,0.3611111111111111,0,
2020-03-26,St. Louis,Missouri,29189.0,173,1,4,44,0.34108527131782945,0,0.0
2020-03-26,St. Louis city,Missouri,29510.0,69,1,1,16,0.3018867924528302,0,0.0
2020-03-26,Douglas,Nebraska,31055.0,58,0,3,4,0.07407407407407407,0,
2020-03-26,Clark,Nevada,32003.0,350,10,8,101,0.40562248995983935,4,0.6666666666666666
2020-03-26,Washoe,Nevada,32031.0,67,0,1,10,0.17543859649122806,0,
2020-03-26,Rockingham,New Hampshire,33015.0,67,0,1,11,0.19642857142857142,0,
2020-03-26,Bergen,New Jersey,34003.0,1206,21,10,387,0.4725274725274725,6,0.4
2020-03-26,Burlington,New Jersey,34005.0,64,3,1,16,0.3333333333333333,2,2.0
2020-03-26,Camden,New Jersey,34007.0,73,1,2,12,0.19672131147540983,0,0.0
2020-03-26,Essex,New Jersey,34013.0,609,15,7,228,0.5984251968503937,4,0.36363636363636365
2020-03-26,Hudson,New Jersey,34017.0,441,4,7,181,0.6961538461538461,0,0.0
2020-03-26,Mercer,New Jersey,34021.0,111,0,3,29,0.35365853658536583,0,
2020-03-26,Middlesex,New Jersey,34023.0,505,5,7,189,0.5981012658227848,3,1.5
2020-03-26,Monmouth,New Jersey,34025.0,501,7,6,188,0.6006389776357828,1,0.16666666666666666
2020-03-26,Morris,New Jersey,34027.0,315,7,5,92,0.4125560538116592,2,0.4
2020-03-26,Ocean,New Jersey,34029.0,389,5,6,167,0.7522522522522522,0,0.0
2020-03-26,Passaic,New Jersey,34031.0,399,5,6,144,0.5647058823529412,1,0.25
2020-03-26,Somerset,New Jersey,34035.0,179,4,4,62,0.5299145299145299,1,0.3333333333333333
2020-03-26,Sussex,New Jersey,34037.0,49,0,0,22,0.8148148148148148,0,
2020-03-26,Union,New Jersey,34039.0,432,3,5,170,0.648854961832061,0,0.0
2020-03-26,Bernalillo,New Mexico,35001.0,55,0,1,7,0.14583333333333334,0,
2020-03-26,Albany,New York,36001.0,171,0,6,19,0.125,0,
2020-03-26,Dutchess,New York,36027.0,190,2,5,37,0.24183006535947713,2,
2020-03-26,Erie,New York,36029.0,134,2,4,12,0.09836065573770492,2,
2020-03-26,Monroe,New York,36055.0,139,3,4,21,0.17796610169491525,3,
2020-03-26,Nassau,New York,36059.0,3914,19,13,629,0.19147640791476409,2,0.11764705882352941
2020-03-26,Onondaga,New York,36067.0,83,0,3,18,0.27692307692307694,0,
2020-03-26,Orange,New York,36071.0,751,2,7,113,0.17711598746081506,2,
2020-03-26,Putnam,New York,36079.0,94,0,2,10,0.11904761904761904,0,
2020-03-26,Rockland,New York,36087.0,1197,7,7,128,0.11973807296538821,0,0.0
2020-03-26,Saratoga,New York,36091.0,73,0,3,9,0.140625,0,
2020-03-26,Schenectady,New York,36093.0,62,0,1,7,0.12727272727272726,0,
2020-03-26,Suffolk,New York,36103.0,2735,22,10,475,0.21017699115044247,2,0.1
2020-03-26,Sullivan,New York,36105.0,53,0,0,14,0.358974358974359,0,
2020-03-26,Ulster,New York,36111.0,89,0,1,24,0.36923076923076925,0,
2020-03-26,Westchester,New York,36119.0,5944,8,19,1253,0.2671072266041356,2,0.3333333333333333
2020-03-26,Durham,North Carolina,37063.0,75,0,2,1,0.013513513513513514,0,
2020-03-26,Mecklenburg,North Carolina,37119.0,181,0,4,11,0.06470588235294118,0,
2020-03-26,Wake,North Carolina,37183.0,83,0,5,10,0.136986301369863,0,
2020-03-26,Cuyahoga,Ohio,39035.0,259,2,7,53,0.25728155339805825,0,0.0
2020-03-26,Franklin,Ohio,39049.0,109,2,2,21,0.23863636363636365,0,0.0
2020-03-26,Hamilton,Ohio,39061.0,53,0,1,5,0.10416666666666667,0,
2020-03-26,Mahoning,Ohio,39099.0,51,1,0,9,0.21428571428571427,1,
2020-03-26,Summit,Ohio,39153.0,50,0,0,7,0.16279069767441862,0,
2020-03-26,Oklahoma,Oklahoma,40109.0,73,2,1,18,0.32727272727272727,0,0.0
2020-03-26,Marion,Oregon,41047.0,57,2,0,14,0.32558139534883723,0,0.0
2020-03-26,Washington,Oregon,41067.0,104,3,4,8,0.08333333333333333,1,0.5
2020-03-26,Allegheny,Pennsylvania,42003.0,133,2,3,45,0.5113636363636364,0,0.0
2020-03-26,Bucks,Pennsylvania,42017.0,110,0,2,0,0.0,0,
2020-03-26,Chester,Pennsylvania,42029.0,84,0,1,30,0.5555555555555556,0,
2020-03-26,Delaware,Pennsylvania,42045.0,156,1,3,55,0.5445544554455446,1,
2020-03-26,Lehigh,Pennsylvania,42077.0,63,1,0,25,0.6578947368421053,1,
2020-03-26,Monroe,Pennsylvania,42089.0,67,2,1,16,0.3137254901960784,1,1.0
2020-03-26,Montgomery,Pennsylvania,42091.0,282,2,6,110,0.6395348837209303,0,0.0
2020-03-26,Northampton,Pennsylvania,42095.0,56,3,0,12,0.2727272727272727,0,0.0
2020-03-26,Philadelphia,Pennsylvania,42101.0,402,1,5,145,0.5642023346303502,0,0.0
2020-03-26,Charleston,South Carolina,45019.0,60,1,1,8,0.15384615384615385,0,0.0
2020-03-26,Greenville,South Carolina,45045.0,51,0,1,1,0.02,0,
2020-03-26,Kershaw,South Carolina,45055.0,64,1,3,1,0.015873015873015872,0,0.0
2020-03-26,Richland,South Carolina,45079.0,60,0,1,1,0.01694915254237288,0,
2020-03-26,Davidson,Tennessee,47037.0,293,2,8,36,0.14007782101167315,0,0.0
2020-03-26,Shelby,Tennessee,47157.0,198,0,4,28,0.16470588235294117,0,
2020-03-26,Williamson,Tennessee,47187.0,70,0,4,4,0.06060606060606061,0,
2020-03-26,Bexar,Texas,48029.0,84,3,5,15,0.21739130434782608,2,2.0
2020-03-26,Collin,Texas,48085.0,88,1,2,35,0.660377358490566,0,0.0
2020-03-26,Dallas,Texas,48113.0,303,7,7,134,0.7928994082840237,1,0.16666666666666666
2020-03-26,Denton,Texas,48121.0,83,1,1,13,0.18571428571428572,1,
2020-03-26,Fort Bend,Texas,48157.0,86,0,1,32,0.5925925925925926,0,
2020-03-26,Harris,Texas,48201.0,203,2,6,18,0.0972972972972973,1,1.0
2020-03-26,Tarrant,Texas,48439.0,90,1,3,19,0.2676056338028169,0,0.0
2020-03-26,Travis,Texas,48453.0,137,0,5,18,0.15126050420168066,0,
2020-03-26,Salt Lake,Utah,49035.0,181,0,5,30,0.1986754966887417,0,
2020-03-26,Summit,Utah,49043.0,103,0,4,13,0.14444444444444443,0,
2020-03-26,Chittenden,Vermont,50007.0,75,6,1,20,0.36363636363636365,0,0.0
2020-03-26,Arlington,Virginia,51013.0,63,0,0,17,0.3695652173913043,0,
2020-03-26,Fairfax,Virginia,51059.0,124,1,1,48,0.631578947368421,0,0.0
2020-03-26,James City,Virginia,51095.0,49,3,0,8,0.1951219512195122,0,0.0
2020-03-26,Clark,Washington,53011.0,48,5,0,32,2.0,1,0.25
2020-03-26,Island,Washington,53029.0,64,1,0,26,0.6842105263157895,0,0.0
2020-03-26,King,Washington,53033.0,1579,111,21,219,0.1610294117647059,10,0.09900990099009901
2020-03-26,Pierce,Washington,53053.0,186,4,8,31,0.2,2,1.0
2020-03-26,Skagit,Washington,53057.0,78,1,2,15,0.23809523809523808,0,0.0
2020-03-26,Snohomish,Washington,53061.0,778,18,16,145,0.22906793048973143,3,0.2
2020-03-26,Spokane,Washington,53063.0,67,0,1,12,0.21818181818181817,0,
2020-03-26,Whatcom,Washington,53073.0,86,4,3,20,0.30303030303030304,2,1.0
2020-03-26,Yakima,Washington,53077.0,61,2,1,10,0.19607843137254902,1,1.0
2020-03-26,Dane,Wisconsin,55025.0,114,1,5,26,0.29545454545454547,0,0.0
2020-03-26,Milwaukee,Wisconsin,55079.0,393,7,7,68,0.20923076923076922,3,0.75
2020-03-26,Waukesha,Wisconsin,55133.0,56,0,0,14,0.3333333333333333,0,
2020-03-27,Jefferson,Alabama,1073.0,179,0,7,6,0.03468208092485549,0,
2020-03-27,Lee,Alabama,1081.0,53,0,0,6,0.1276595744680851,0,
2020-03-27,Madison,Alabama,1089.0,61,1,0,18,0.4186046511627907,0,0.0
2020-03-27,Shelby,Alabama,1117.0,70,0,1,17,0.32075471698113206,0,
2020-03-27,Maricopa,Arizona,4013.0,399,5,6,100,0.33444816053511706,1,0.25
2020-03-27,Navajo,Arizona,4017.0,49,0,0,6,0.13953488372093023,0,
2020-03-27,Pima,Arizona,4019.0,102,4,2,27,0.36,4,
2020-03-27,Cleburne,Arkansas,5023.0,49,2,0,3,0.06521739130434782,0,0.0
2020-03-27,Pulaski,Arkansas,5119.0,89,1,5,6,0.07228915662650602,0,0.0
2020-03-27,Alameda,California,6001.0,241,4,10,42,0.21105527638190955,0,0.0
2020-03-27,Contra Costa,California,6013.0,151,2,6,20,0.15267175572519084,1,1.0
2020-03-27,Los Angeles,California,6037.0,1465,27,13,249,0.20476973684210525,6,0.2857142857142857
2020-03-27,Marin,California,6041.0,69,1,3,4,0.06153846153846154,1,
2020-03-27,Orange,California,6059.0,321,3,8,65,0.25390625,2,2.0
2020-03-27,Riverside,California,6065.0,185,8,4,78,0.7289719626168224,0,0.0
2020-03-27,Sacramento,California,6067.0,164,6,7,52,0.4642857142857143,1,0.2
2020-03-27,San Bernardino,California,6071.0,64,3,2,9,0.16363636363636364,0,0.0
2020-03-27,San Diego,California,6073.0,417,5,11,76,0.22287390029325513,2,0.6666666666666666
2020-03-27,San Francisco,California,6075.0,282,3,9,56,0.24778761061946902,1,0.5
2020-03-27,San Joaquin,California,6077.0,93,4,4,10,0.12048192771084337,1,0.3333333333333333
2020-03-27,San Luis Obispo,California,6079.0,59,0,1,5,0.09259259259259259,0,
2020-03-27,San Mateo,California,6081.0,239,6,10,44,0.22564102564102564,1,0.2
2020-03-27,Santa Clara,California,6085.0,574,21,16,32,0.05904059040590406,1,0.05
2020-03-27,Sonoma,California,6097.0,50,1,1,1,0.02040816326530612,0,0.0
2020-03-27,Ventura,California,6111.0,83,3,2,22,0.36065573770491804,2,2.0
2020-03-27,Adams,Colorado,8001.0,71,0,1,21,0.42,0,
2020-03-27,Arapahoe,Colorado,8005.0,155,1,4,36,0.3025210084033613,0,0.0
2020-03-27,Boulder,Colorado,8013.0,76,1,3,10,0.15151515151515152,1,
2020-03-27,Denver,Colorado,8031.0,312,3,8,50,0.19083969465648856,0,0.0
2020-03-27,Douglas,Colorado,8035.0,79,0,4,12,0.1791044776119403,0,
2020-03-27,Eagle,Colorado,8037.0,170,1,8,23,0.1564625850340136,0,0.0
2020-03-27,El Paso,Colorado,8041.0,160,7,5,23,0.1678832116788321,0,0.0
2020-03-27,Gunnison,Colorado,8051.0,66,1,2,9,0.15789473684210525,0,0.0
2020-03-27,Jefferson,Colorado,8059.0,158,5,5,27,0.20610687022900764,2,0.6666666666666666
2020-03-27,Larimer,Colorado,8069.0,67,1,1,6,0.09836065573770492,0,0.0
2020-03-27,Weld,Colorado,8123.0,129,6,4,22,0.205607476635514,2,0.5
2020-03-27,Fairfield,Connecticut,9001.0,752,15,10,145,0.23887973640856672,2,0.15384615384615385
2020-03-27,Hartford,Connecticut,9003.0,189,2,5,51,0.3695652173913043,0,0.0
2020-03-27,Litchfield,Connecticut,9005.0,52,0,0,8,0.18181818181818182,0,
2020-03-27,New Haven,Connecticut,9009.0,222,6,3,66,0.4230769230769231,4,2.0
2020-03-27,New Castle,Delaware,10003.0,106,1,4,15,0.16483516483516483,1,
2020-03-27,District of Columbia,District of Columbia,11001.0,304,4,8,37,0.13857677902621723,1,0.3333333333333333
2020-03-27,Alachua,Florida,12001.0,60,0,1,7,0.1320754716981132,0,
2020-03-27,Broward,Florida,12011.0,631,10,10,126,0.2495049504950495,7,2.3333333333333335
2020-03-27,Collier,Florida,12021.0,85,0,2,18,0.26865671641791045,0,
2020-03-27,Duval,Florida,12031.0,99,3,4,17,0.2073170731707317,0,0.0
2020-03-27,Hillsborough,Florida,12057.0,174,2,5,23,0.152317880794702,1,1.0
2020-03-27,Lee,Florida,12071.0,95,5,2,29,0.4393939393939394,2,0.6666666666666666
2020-03-27,Miami-Dade,Florida,12086.0,869,2,9,216,0.33078101071975496,2,
2020-03-27,Orange,Florida,12095.0,174,4,3,56,0.4745762711864407,1,0.3333333333333333
2020-03-27,Osceola,Florida,12097.0,56,0,0,11,0.24444444444444444,0,
2020-03-27,Palm Beach,Florida,12099.0,241,5,6,69,0.4011627906976744,2,0.6666666666666666
2020-03-27,Pinellas,Florida,12103.0,82,1,2,17,0.26153846153846155,0,0.0
2020-03-27,Seminole,Florida,12117.0,54,0,0,14,0.35,0,
2020-03-27,Bartow,Georgia,13015.0,107,1,7,14,0.15053763440860216,0,0.0
2020-03-27,Carroll,Georgia,13045.0,61,0,2,9,0.17307692307692307,0,
2020-03-27,Cherokee,Georgia,13057.0,50,1,0,6,0.13636363636363635,1,
2020-03-27,Clayton,Georgia,13063.0,53,1,0,16,0.43243243243243246,0,0.0
2020-03-27,Cobb,Georgia,13067.0,163,5,7,44,0.3697478991596639,0,0.0
2020-03-27,DeKalb,Georgia,13089.0,219,2,5,82,0.5985401459854015,2,
2020-03-27,Dougherty,Georgia,13095.0,203,12,5,39,0.23780487804878048,6,1.0
2020-03-27,Fulton,Georgia,13121.0,347,12,9,116,0.5021645021645021,8,2.0
2020-03-27,Gwinnett,Georgia,13135.0,121,1,2,42,0.5316455696202531,0,0.0
2020-03-27,Honolulu,Hawaii,15003.0,87,0,4,10,0.12987012987012986,0,
2020-03-27,Ada,Idaho,16001.0,76,0,1,22,0.4074074074074074,0,
2020-03-27,Blaine,Idaho,16013.0,99,2,2,17,0.2073170731707317,0,0.0
2020-03-27,Cook,Illinois,17031.0,2239,20,13,335,0.17594537815126052,2,0.1111111111111111
2020-03-27,DuPage,Illinois,17043.0,199,6,8,17,0.09340659340659341,5,5.0
2020-03-27,Kane,Illinois,17089.0,77,2,1,20,0.3508771929824561,1,1.0
2020-03-27,Lake,Illinois,17097.0,230,2,7,45,0.24324324324324326,2,
2020-03-27,Will,Illinois,17197.0,104,3,2,37,0.5522388059701493,0,0.0
2020-03-27,Hamilton,Indiana,18057.0,53,0,0,13,0.325,0,
2020-03-27,Marion,Indiana,18097.0,484,8,5,191,0.6518771331058021,2,0.3333333333333333
2020-03-27,Johnson,Iowa,19103.0,58,0,1,9,0.1836734693877551,0,
2020-03-27,Johnson,Kansas,20091.0,66,1,1,7,0.11864406779661017,0,0.0
2020-03-27,Jefferson,Kentucky,21111.0,76,4,1,19,0.3333333333333333,1,0.3333333333333333
2020-03-27,Ascension,Louisiana,22005.0,90,1,2,-1,-0.01098901098901099,0,0.0
2020-03-27,Caddo,Louisiana,22017.0,140,2,2,25,0.21739130434782608,1,1.0
2020-03-27,East Baton Rouge,Louisiana,22033.0,124,4,3,19,0.18095238095238095,0,0.0
2020-03-27,Jefferson,Louisiana,22051.0,548,24,8,90,0.1965065502183406,12,1.0
2020-03-27,Orleans,Louisiana,22071.0,1170,57,13,173,0.17352056168505517,11,0.2391304347826087
2020-03-27,St. Tammany,Louisiana,22103.0,111,2,3,22,0.24719101123595505,1,1.0
2020-03-27,Cumberland,Maine,23005.0,92,1,5,2,0.022222222222222223,1,
2020-03-27,Anne Arundel,Maryland,24003.0,63,1,0,21,0.5,1,
2020-03-27,Baltimore,Maryland,24005.0,103,1,2,22,0.2716049382716049,0,0.0
2020-03-27,Baltimore city,Maryland,24510.0,103,0,2,31,0.4305555555555556,0,
2020-03-27,Howard,Maryland,24027.0,62,0,1,13,0.2653061224489796,0,
2020-03-27,Montgomery,Maryland,24031.0,208,1,7,44,0.2682926829268293,0,0.0
2020-03-27,Prince George's,Maryland,24033.0,148,2,3,47,0.46534653465346537,0,0.0
2020-03-27,Barnstable,Massachusetts,25001.0,100,2,2,33,0.4925373134328358,1,1.0
2020-03-27,Berkshire,Massachusetts,25003.0,105,4,2,32,0.4383561643835616,2,1.0
2020-03-27,Bristol,Massachusetts,25005.0,129,1,2,39,0.43333333333333335,1,
2020-03-27,Essex,Massachusetts,25009.0,350,2,5,103,0.41700404858299595,0,0.0
2020-03-27,Hampden,Massachusetts,25013.0,90,2,1,35,0.6363636363636364,0,0.0
2020-03-27,Middlesex,Massachusetts,25017.0,685,6,15,147,0.2732342007434944,1,0.2
2020-03-27,Norfolk,Massachusetts,25021.0,393,6,8,101,0.3458904109589041,4,2.0
2020-03-27,Plymouth,Massachusetts,25023.0,187,0,3,49,0.35507246376811596,0,
2020-03-27,Suffolk,Massachusetts,25025.0,631,3,9,183,0.40848214285714285,0,0.0
2020-03-27,Worcester,Massachusetts,25027.0,219,3,3,53,0.3192771084337349,0,0.0
2020-03-27,Genesee,Michigan,26049.0,91,4,1,28,0.4444444444444444,3,3.0
2020-03-27,Macomb,Michigan,26099.0,404,14,8,57,0.1642651296829971,3,0.2727272727272727
2020-03-27,Oakland,Michigan,26125.0,824,26,8,129,0.1856115107913669,9,0.5294117647058824
2020-03-27,Washtenaw,Michigan,26161.0,150,3,3,58,0.6304347826086957,0,0.0
2020-03-27,Wayne,Michigan,26163.0,1810,37,8,421,0.30309575233981284,11,0.4230769230769231
2020-03-27,Hennepin,Minnesota,27053.0,141,1,6,13,0.1015625,1,
2020-03-27,DeSoto,Mississippi,28033.0,63,0,1,14,0.2857142857142857,0,
2020-03-27,Hinds,Mississippi,28049.0,50,0,0,7,0.16279069767441862,0,
2020-03-27,St. Louis,Missouri,29189.0,247,2,5,74,0.4277456647398844,1,1.0
2020-03-27,St. Louis city,Missouri,29510.0,72,1,2,3,0.043478260869565216,0,0.0
2020-03-27,Douglas,Nebraska,31055.0,60,1,4,2,0.034482758620689655,1,
2020-03-27,Clark,Nevada,32003.0,443,10,9,93,0.26571428571428574,0,0.0
2020-03-27,Washoe,Nevada,32031.0,75,0,2,8,0.11940298507462686,0,
2020-03-27,Rockingham,New Hampshire,33015.0,75,0,2,8,0.11940298507462686,0,
2020-03-27,Bergen,New Jersey,34003.0,1505,28,11,299,0.24792703150912107,7,0.3333333333333333
2020-03-27,Burlington,New Jersey,34005.0,88,3,2,24,0.375,0,0.0
2020-03-27,Camden,New Jersey,34007.0,95,1,3,22,0.3013698630136986,0,0.0
2020-03-27,Essex,New Jersey,34013.0,826,18,8,217,0.3563218390804598,3,0.2
2020-03-27,Hudson,New Jersey,34017.0,594,4,8,153,0.3469387755102041,0,0.0
2020-03-27,Hunterdon,New Jersey,34019.0,52,0,0,13,0.3333333333333333,0,
2020-03-27,Mercer,New Jersey,34021.0,131,0,4,20,0.18018018018018017,0,
2020-03-27,Middlesex,New Jersey,34023.0,640,9,8,135,0.26732673267326734,4,0.8
2020-03-27,Monmouth,New Jersey,34025.0,634,10,7,133,0.2654690618762475,3,0.42857142857142855
2020-03-27,Morris,New Jersey,34027.0,391,9,6,76,0.24126984126984127,2,0.2857142857142857
2020-03-27,Ocean,New Jersey,34029.0,484,8,7,95,0.2442159383033419,3,0.6
2020-03-27,Passaic,New Jersey,34031.0,484,5,7,85,0.21303258145363407,0,0.0
2020-03-27,Somerset,New Jersey,34035.0,222,7,5,43,0.24022346368715083,3,0.75
2020-03-27,Sussex,New Jersey,34037.0,65,0,1,16,0.32653061224489793,0,
2020-03-27,Union,New Jersey,34039.0,519,3,6,87,0.2013888888888889,0,0.0
2020-03-27,Bernalillo,New Mexico,35001.0,82,0,2,27,0.4909090909090909,0,
2020-03-27,Albany,New York,36001.0,187,0,7,16,0.0935672514619883,0,
2020-03-27,Dutchess,New York,36027.0,225,2,6,35,0.18421052631578946,0,0.0
2020-03-27,Erie,New York,36029.0,219,6,5,85,0.6343283582089553,4,2.0
2020-03-27,Monroe,New York,36055.0,160,4,5,21,0.1510791366906475,1,0.3333333333333333
2020-03-27,Nassau,New York,36059.0,4657,27,14,743,0.18983137455288707,8,0.42105263157894735
2020-03-27,Onondaga,New York,36067.0,115,0,4,32,0.3855421686746988,0,
2020-03-27,Orange,New York,36071.0,910,3,8,159,0.21171770972037285,1,0.5
2020-03-27,Putnam,New York,36079.0,111,0,3,17,0.18085106382978725,0,
2020-03-27,Rockland,New York,36087.0,1457,8,8,260,0.2172096908939014,1,0.14285714285714285
2020-03-27,Saratoga,New York,36091.0,82,0,4,9,0.1232876712328767,0,
2020-03-27,Schenectady,New York,36093.0,66,0,2,4,0.06451612903225806,0,
2020-03-27,Suffolk,New York,36103.0,3385,22,11,650,0.2376599634369287,0,0.0
2020-03-27,Sullivan,New York,36105.0,64,0,1,11,0.20754716981132076,0,
2020-03-27,Ulster,New York,36111.0,98,0,2,9,0.10112359550561797,0,
2020-03-27,Westchester,New York,36119.0,7187,10,20,1243,0.20911843876177658,2,0.25
2020-03-27,Durham,North Carolina,37063.0,83,0,3,8,0.10666666666666667,0,
2020-03-27,Mecklenburg,North Carolina,37119.0,218,0,5,37,0.20441988950276244,0,
2020-03-27,Wake,North Carolina,37183.0,121,0,6,38,0.4578313253012048,0,
2020-03-27,Cuyahoga,Ohio,39035.0,330,2,8,71,0.27413127413127414,0,0.0
2020-03-27,Franklin,Ohio,39049.0,152,2,3,43,0.3944954128440367,0,0.0
2020-03-27,Hamilton,Ohio,39061.0,63,0,2,10,0.18867924528301888,0,
2020-03-27,Lorain,Ohio,39093.0,56,0,0,12,0.2727272727272727,0,
2020-03-27,Lucas,Ohio,39095.0,50,2,0,15,0.42857142857142855,0,0.0
2020-03-27,Mahoning,Ohio,39099.0,68,2,1,17,0.3333333333333333,1,1.0
2020-03-27,Summit,Ohio,39153.0,65,3,1,15,0.3,3,
2020-03-27,Oklahoma,Oklahoma,40109.0,94,2,2,21,0.2876712328767123,0,0.0
2020-03-27,Tulsa,Oklahoma,40143.0,49,1,0,8,0.1951219512195122,0,0.0
2020-03-27,Marion,Oregon,41047.0,83,3,1,26,0.45614035087719296,1,0.5
2020-03-27,Multnomah,Oregon,41051.0,67,2,0,22,0.4888888888888889,0,0.0
2020-03-27,Washington,Oregon,41067.0,122,3,5,18,0.17307692307692307,0,0.0
2020-03-27,Allegheny,Pennsylvania,42003.0,158,2,4,25,0.18796992481203006,0,0.0
2020-03-27,Berks,Pennsylvania,42011.0,65,0,0,29,0.8055555555555556,0,
2020-03-27,Bucks,Pennsylvania,42017.0,124,0,3,14,0.12727272727272726,0,
2020-03-27,Chester,Pennsylvania,42029.0,107,0,2,23,0.27380952380952384,0,
2020-03-27,Delaware,Pennsylvania,42045.0,185,3,4,29,0.1858974358974359,2,2.0
2020-03-27,Lehigh,Pennsylvania,42077.0,93,2,1,30,0.47619047619047616,1,1.0
2020-03-27,Luzerne,Pennsylvania,42079.0,55,2,0,19,0.5277777777777778,1,1.0
2020-03-27,Monroe,Pennsylvania,42089.0,98,2,2,31,0.4626865671641791,0,0.0
2020-03-27,Montgomery,Pennsylvania,42091.0,374,4,7,92,0.3262411347517731,2,1.0
2020-03-27,Northampton,Pennsylvania,42095.0,79,3,1,23,0.4107142857142857,0,0.0
2020-03-27,Philadelphia,Pennsylvania,42101.0,530,2,6,128,0.31840796019900497,1,1.0
2020-03-27,Charleston,South Carolina,45019.0,92,1,2,32,0.5333333333333333,0,0.0
2020-03-27,Greenville,South Carolina,45045.0,51,1,2,0,0.0,1,
2020-03-27,Kershaw,South Carolina,45055.0,70,2,4,6,0.09375,1,1.0
2020-03-27,Richland,South Carolina,45079.0,65,1,2,5,0.08333333333333333,1,
2020-03-27,Davidson,Tennessee,47037.0,312,2,9,19,0.06484641638225255,0,0.0
2020-03-27,Shelby,Tennessee,47157.0,223,0,5,25,0.12626262626262627,0,
2020-03-27,Sumner,Tennessee,47165.0,58,0,0,15,0.3488372093023256,0,
2020-03-27,Williamson,Tennessee,47187.0,91,0,5,21,0.3,0,
2020-03-27,Bexar,Texas,48029.0,113,5,6,29,0.34523809523809523,2,0.6666666666666666
2020-03-27,Collin,Texas,48085.0,88,1,3,0,0.0,0,0.0
2020-03-27,Dallas,Texas,48113.0,367,7,8,64,0.21122112211221122,0,0.0
2020-03-27,Denton,Texas,48121.0,137,1,2,54,0.6506024096385542,0,0.0
2020-03-27,Fort Bend,Texas,48157.0,101,1,2,15,0.1744186046511628,1,
2020-03-27,Galveston,Texas,48167.0,49,0,0,22,0.8148148148148148,0,
2020-03-27,Harris,Texas,48201.0,229,2,7,26,0.12807881773399016,0,0.0
2020-03-27,Tarrant,Texas,48439.0,114,1,4,24,0.26666666666666666,0,0.0
2020-03-27,Travis,Texas,48453.0,160,1,6,23,0.1678832116788321,1,
2020-03-27,Davis,Utah,49011.0,50,1,0,11,0.28205128205128205,0,0.0
2020-03-27,Salt Lake,Utah,49035.0,212,0,6,31,0.1712707182320442,0,
2020-03-27,Summit,Utah,49043.0,110,0,5,7,0.06796116504854369,0,
2020-03-27,Chittenden,Vermont,50007.0,90,6,2,15,0.2,0,0.0
2020-03-27,Arlington,Virginia,51013.0,63,0,1,0,0.0,0,
2020-03-27,Fairfax,Virginia,51059.0,124,1,2,0,0.0,0,0.0
2020-03-27,James City,Virginia,51095.0,55,3,1,6,0.12244897959183673,0,0.0
2020-03-27,Clark,Washington,53011.0,76,6,1,28,0.5833333333333334,1,0.2
2020-03-27,Island,Washington,53029.0,79,1,1,15,0.234375,0,0.0
2020-03-27,King,Washington,53033.0,1830,127,22,251,0.15896136795440152,16,0.14414414414414414
2020-03-27,Pierce,Washington,53053.0,231,5,9,45,0.24193548387096775,1,0.25
2020-03-27,Skagit,Washington,53057.0,91,1,3,13,0.16666666666666666,0,0.0
2020-03-27,Snohomish,Washington,53061.0,913,23,17,135,0.17352185089974292,5,0.2777777777777778
2020-03-27,Spokane,Washington,53063.0,86,1,2,19,0.2835820895522388,1,
2020-03-27,Whatcom,Washington,53073.0,92,4,4,6,0.06976744186046512,0,0.0
2020-03-27,Yakima,Washington,53077.0,72,2,2,11,0.18032786885245902,0,0.0
2020-03-27,Dane,Wisconsin,55025.0,158,1,6,44,0.38596491228070173,0,0.0
2020-03-27,Milwaukee,Wisconsin,55079.0,468,9,8,75,0.19083969465648856,2,0.2857142857142857
2020-03-27,Waukesha,Wisconsin,55133.0,61,0,1,5,0.08928571428571429,0,
2020-03-28,Jefferson,Alabama,1073.0,214,0,8,35,0.19553072625698323,0,
2020-03-28,Lee,Alabama,1081.0,56,0,1,3,0.05660377358490566,0,
2020-03-28,Madison,Alabama,1089.0,62,1,1,1,0.01639344262295082,0,0.0
2020-03-28,Shelby,Alabama,1117.0,72,0,2,2,0.02857142857142857,0,
2020-03-28,Anchorage,Alaska,2020.0,54,1,0,11,0.2558139534883721,0,0.0
2020-03-28,Coconino,Arizona,4005.0,56,2,0,15,0.36585365853658536,0,0.0
2020-03-28,Maricopa,Arizona,4013.0,454,5,7,55,0.13784461152882205,0,0.0
2020-03-28,Navajo,Arizona,4017.0,57,0,1,8,0.16326530612244897,0,
2020-03-28,Pima,Arizona,4019.0,120,5,3,18,0.17647058823529413,1,0.25
2020-03-28,Cleburne,Arkansas,5023.0,50,2,1,1,0.02040816326530612,0,0.0
2020-03-28,Pulaski,Arkansas,5119.0,92,2,6,3,0.033707865168539325,1,1.0
2020-03-28,Alameda,California,6001.0,277,6,11,36,0.14937759336099585,2,0.5
2020-03-28,Contra Costa,California,6013.0,168,3,7,17,0.11258278145695365,1,0.5
2020-03-28,Los Angeles,California,6037.0,1804,33,14,339,0.23139931740614333,6,0.2222222222222222
2020-03-28,Marin,California,6041.0,74,1,4,5,0.07246376811594203,0,0.0
2020-03-28,Orange,California,6059.0,321,3,9,0,0.0,0,0.0
2020-03-28,Riverside,California,6065.0,185,8,5,0,0.0,0,0.0
2020-03-28,Sacramento,California,6067.0,164,6,8,0,0.0,0,0.0
2020-03-28,San Bernardino,California,6071.0,64,3,3,0,0.0,0,0.0
2020-03-28,San Diego,California,6073.0,488,7,12,71,0.17026378896882494,2,0.4
2020-03-28,San Francisco,California,6075.0,308,4,10,26,0.09219858156028368,1,0.3333333333333333
2020-03-28,San Joaquin,California,6077.0,108,4,5,15,0.16129032258064516,0,0.0
2020-03-28,San Luis Obispo,California,6079.0,67,0,2,8,0.13559322033898305,0,
2020-03-28,San Mateo,California,6081.0,274,6,11,35,0.14644351464435146,0,0.0
2020-03-28,Santa Barbara,California,6083.0,64,0,0,17,0.3617021276595745,0,
2020-03-28,Santa Clara,California,6085.0,591,26,17,17,0.029616724738675958,5,0.23809523809523808
2020-03-28,Sonoma,California,6097.0,50,1,2,0,0.0,0,0.0
2020-03-28,Ventura,California,6111.0,98,3,3,15,0.18072289156626506,0,0.0
2020-03-28,Adams,Colorado,8001.0,95,0,2,24,0.3380281690140845,0,
2020-03-28,Arapahoe,Colorado,8005.0,204,3,5,49,0.3161290322580645,2,2.0
2020-03-28,Boulder,Colorado,8013.0,84,1,4,8,0.10526315789473684,0,0.0
2020-03-28,Denver,Colorado,8031.0,367,5,9,55,0.1762820512820513,2,0.6666666666666666
2020-03-28,Douglas,Colorado,8035.0,92,0,5,13,0.16455696202531644,0,
2020-03-28,Eagle,Colorado,8037.0,182,2,9,12,0.07058823529411765,1,1.0
2020-03-28,El Paso,Colorado,8041.0,184,10,6,24,0.15,3,0.42857142857142855
2020-03-28,Gunnison,Colorado,8051.0,78,1,3,12,0.18181818181818182,0,0.0
2020-03-28,Jefferson,Colorado,8059.0,182,5,6,24,0.1518987341772152,0,0.0
2020-03-28,Larimer,Colorado,8069.0,79,3,2,12,0.1791044776119403,2,2.0
2020-03-28,Weld,Colorado,8123.0,161,7,5,32,0.24806201550387597,1,0.16666666666666666
2020-03-28,Fairfield,Connecticut,9001.0,908,20,11,156,0.2074468085106383,5,0.3333333333333333
2020-03-28,Hartford,Connecticut,9003.0,228,2,6,39,0.20634920634920634,0,0.0
2020-03-28,Litchfield,Connecticut,9005.0,65,0,1,13,0.25,0,
2020-03-28,New Haven,Connecticut,9009.0,236,6,4,14,0.06306306306306306,0,0.0
2020-03-28,New Castle,Delaware,10003.0,130,2,5,24,0.22641509433962265,1,1.0
2020-03-28,Sussex,Delaware,10005.0,59,1,0,21,0.5526315789473685,0,0.0
2020-03-28,District of Columbia,District of Columbia,11001.0,342,4,9,38,0.125,0,0.0
2020-03-28,Alachua,Florida,12001.0,68,0,2,8,0.13333333333333333,0,
2020-03-28,Broward,Florida,12011.0,820,11,11,189,0.29952456418383516,1,0.1
2020-03-28,Collier,Florida,12021.0,95,0,3,10,0.11764705882352941,0,
2020-03-28,Duval,Florida,12031.0,120,3,5,21,0.21212121212121213,0,0.0
2020-03-28,Hillsborough,Florida,12057.0,206,2,6,32,0.1839080459770115,0,0.0
2020-03-28,Lee,Florida,12071.0,119,6,3,24,0.25263157894736843,1,0.2
2020-03-28,Miami-Dade,Florida,12086.0,1121,3,10,252,0.2899884925201381,1,0.5
2020-03-28,Orange,Florida,12095.0,213,4,4,39,0.22413793103448276,0,0.0
2020-03-28,Osceola,Florida,12097.0,74,0,1,18,0.32142857142857145,0,
2020-03-28,Palm Beach,Florida,12099.0,318,6,7,77,0.31950207468879666,1,0.2
2020-03-28,Pinellas,Florida,12103.0,111,4,3,29,0.35365853658536583,3,3.0
2020-03-28,Sarasota,Florida,12115.0,50,2,0,7,0.16279069767441862,0,0.0
2020-03-28,Seminole,Florida,12117.0,68,0,1,14,0.25925925925925924,0,
2020-03-28,St. Johns,Florida,12109.0,50,2,0,8,0.19047619047619047,0,0.0
2020-03-28,Bartow,Georgia,13015.0,117,1,8,10,0.09345794392523364,0,0.0
2020-03-28,Carroll,Georgia,13045.0,64,0,3,3,0.04918032786885246,0,
2020-03-28,Cherokee,Georgia,13057.0,54,1,1,4,0.08,0,0.0
2020-03-28,Clayton,Georgia,13063.0,57,1,1,4,0.07547169811320754,0,0.0
2020-03-28,Cobb,Georgia,13067.0,185,9,8,22,0.13496932515337423,4,0.8
2020-03-28,DeKalb,Georgia,13089.0,246,3,6,27,0.1232876712328767,1,0.5
2020-03-28,Dougherty,Georgia,13095.0,224,17,6,21,0.10344827586206896,5,0.4166666666666667
2020-03-28,Fulton,Georgia,13121.0,378,13,10,31,0.0893371757925072,1,0.08333333333333333
2020-03-28,Gwinnett,Georgia,13135.0,131,1,3,10,0.08264462809917356,0,0.0
2020-03-28,Henry,Georgia,13151.0,50,1,0,6,0.13636363636363635,0,0.0
2020-03-28,Honolulu,Hawaii,15003.0,108,0,5,21,0.2413793103448276,0,
2020-03-28,Ada,Idaho,16001.0,88,1,2,12,0.15789473684210525,1,
2020-03-28,Blaine,Idaho,16013.0,114,2,3,15,0.15151515151515152,0,0.0
2020-03-28,Cook,Illinois,17031.0,2613,28,14,374,0.16703885663242518,8,0.4
2020-03-28,DuPage,Illinois,17043.0,202,6,9,3,0.01507537688442211,0,0.0
2020-03-28,Kane,Illinois,17089.0,90,4,2,13,0.16883116883116883,2,1.0
2020-03-28,Lake,Illinois,17097.0,264,2,8,34,0.14782608695652175,0,0.0
2020-03-28,Will,Illinois,17197.0,156,4,3,52,0.5,1,0.3333333333333333
2020-03-28,Hamilton,Indiana,18057.0,64,0,1,11,0.20754716981132076,0,
2020-03-28,Johnson,Indiana,18081.0,52,3,0,10,0.23809523809523808,0,0.0
2020-03-28,Lake,Indiana,18089.0,68,1,0,21,0.44680851063829785,1,
2020-03-28,Marion,Indiana,18097.0,584,10,6,100,0.2066115702479339,2,0.25
2020-03-28,Johnson,Iowa,19103.0,61,0,2,3,0.05172413793103448,0,
2020-03-28,Johnson,Kansas,20091.0,80,2,2,14,0.21212121212121213,1,1.0
2020-03-28,Wyandotte,Kansas,20209.0,53,3,0,10,0.23255813953488372,0,0.0
2020-03-28,Fayette,Kentucky,21067.0,60,1,0,23,0.6216216216216216,0,0.0
2020-03-28,Jefferson,Kentucky,21111.0,99,4,2,23,0.3026315789473684,0,0.0
2020-03-28,Ascension,Louisiana,22005.0,107,1,3,17,0.18888888888888888,0,0.0
2020-03-28,Caddo,Louisiana,22017.0,189,2,3,49,0.35,0,0.0
2020-03-28,East Baton Rouge,Louisiana,22033.0,153,4,4,29,0.23387096774193547,0,0.0
2020-03-28,Jefferson,Louisiana,22051.0,744,26,9,196,0.35766423357664234,2,0.08333333333333333
2020-03-28,Lafayette,Louisiana,22055.0,48,1,0,4,0.09090909090909091,1,
2020-03-28,Orleans,Louisiana,22071.0,1298,70,14,128,0.1094017094017094,13,0.22807017543859648
2020-03-28,St. James,Louisiana,22093.0,48,3,0,8,0.2,0,0.0
2020-03-28,St. John the Baptist,Louisiana,22095.0,54,3,0,13,0.3170731707317073,0,0.0
2020-03-28,St. Tammany,Louisiana,22103.0,134,2,4,23,0.2072072072072072,0,0.0
2020-03-28,Cumberland,Maine,23005.0,120,1,6,28,0.30434782608695654,0,0.0
2020-03-28,Anne Arundel,Maryland,24003.0,88,1,1,25,0.3968253968253968,0,0.0
2020-03-28,Baltimore,Maryland,24005.0,141,1,3,38,0.36893203883495146,0,0.0
2020-03-28,Baltimore city,Maryland,24510.0,112,2,3,9,0.08737864077669903,2,
2020-03-28,Carroll,Maryland,24013.0,83,0,0,74,8.222222222222221,0,
2020-03-28,Howard,Maryland,24027.0,73,0,2,11,0.1774193548387097,0,
2020-03-28,Montgomery,Maryland,24031.0,255,1,8,47,0.22596153846153846,0,0.0
2020-03-28,Prince George's,Maryland,24033.0,196,3,4,48,0.32432432432432434,1,0.5
2020-03-28,Barnstable,Massachusetts,25001.0,133,2,3,33,0.33,0,0.0
2020-03-28,Berkshire,Massachusetts,25003.0,119,4,3,14,0.13333333333333333,0,0.0
2020-03-28,Bristol,Massachusetts,25005.0,179,1,3,50,0.3875968992248062,0,0.0
2020-03-28,Essex,Massachusetts,25009.0,472,3,6,122,0.3485714285714286,1,0.5
2020-03-28,Hampden,Massachusetts,25013.0,183,5,2,93,1.0333333333333334,3,1.5
2020-03-28,Middlesex,Massachusetts,25017.0,842,6,16,157,0.2291970802919708,0,0.0
2020-03-28,Norfolk,Massachusetts,25021.0,490,8,9,97,0.24681933842239187,2,0.3333333333333333
2020-03-28,Plymouth,Massachusetts,25023.0,272,0,4,85,0.45454545454545453,0,
2020-03-28,Suffolk,Massachusetts,25025.0,843,4,10,212,0.3359746434231379,1,0.3333333333333333
2020-03-28,Worcester,Massachusetts,25027.0,291,5,4,72,0.3287671232876712,2,0.6666666666666666
2020-03-28,Genesee,Michigan,26049.0,110,5,2,19,0.2087912087912088,1,0.25
2020-03-28,Kent,Michigan,26081.0,53,1,0,8,0.17777777777777778,0,0.0
2020-03-28,Macomb,Michigan,26099.0,534,17,9,130,0.3217821782178218,3,0.21428571428571427
2020-03-28,Oakland,Michigan,26125.0,1018,31,9,194,0.2354368932038835,5,0.19230769230769232
2020-03-28,Washtenaw,Michigan,26161.0,185,3,4,35,0.23333333333333334,0,0.0
2020-03-28,Wayne,Michigan,26163.0,2316,46,9,506,0.2795580110497238,9,0.24324324324324326
2020-03-28,Hennepin,Minnesota,27053.0,152,2,7,11,0.07801418439716312,1,1.0
2020-03-28,DeSoto,Mississippi,28033.0,65,1,2,2,0.031746031746031744,1,
2020-03-28,Hinds,Mississippi,28049.0,58,0,1,8,0.16,0,
2020-03-28,Boone,Missouri,29019.0,49,1,0,12,0.32432432432432434,0,0.0
2020-03-28,St. Louis,Missouri,29189.0,313,2,6,66,0.26720647773279355,0,0.0
2020-03-28,St. Louis city,Missouri,29510.0,93,1,3,21,0.2916666666666667,0,0.0
2020-03-28,Gallatin,Montana,30031.0,57,0,0,15,0.35714285714285715,0,
2020-03-28,Douglas,Nebraska,31055.0,74,1,5,14,0.23333333333333334,0,0.0
2020-03-28,Clark,Nevada,32003.0,528,14,10,85,0.19187358916478556,4,0.4
2020-03-28,Washoe,Nevada,32031.0,93,0,3,18,0.24,0,
2020-03-28,Hillsborough,New Hampshire,33011.0,53,2,0,10,0.23255813953488372,0,0.0
2020-03-28,Rockingham,New Hampshire,33015.0,86,0,3,11,0.14666666666666667,0,
2020-03-28,Bergen,New Jersey,34003.0,1838,35,12,333,0.2212624584717608,7,0.25
2020-03-28,Burlington,New Jersey,34005.0,115,3,3,27,0.3068181818181818,0,0.0
2020-03-28,Camden,New Jersey,34007.0,123,1,4,28,0.29473684210526313,0,0.0
2020-03-28,Essex,New Jersey,34013.0,1086,20,9,260,0.31476997578692495,2,0.1111111111111111
2020-03-28,Gloucester,New Jersey,34015.0,51,1,0,11,0.275,0,0.0
2020-03-28,Hudson,New Jersey,34017.0,771,6,9,177,0.29797979797979796,2,0.5
2020-03-28,Hunterdon,New Jersey,34019.0,61,0,1,9,0.17307692307692307,0,
2020-03-28,Mercer,New Jersey,34021.0,168,0,5,37,0.2824427480916031,0,
2020-03-28,Middlesex,New Jersey,34023.0,808,14,9,168,0.2625,5,0.5555555555555556
2020-03-28,Monmouth,New Jersey,34025.0,781,10,8,147,0.23186119873817035,0,0.0
2020-03-28,Morris,New Jersey,34027.0,442,12,7,51,0.13043478260869565,3,0.3333333333333333
2020-03-28,Ocean,New Jersey,34029.0,624,9,8,140,0.2892561983471074,1,0.125
2020-03-28,Passaic,New Jersey,34031.0,608,7,8,124,0.256198347107438,2,0.4
2020-03-28,Somerset,New Jersey,34035.0,258,8,6,36,0.16216216216216217,1,0.14285714285714285
2020-03-28,Sussex,New Jersey,34037.0,81,1,2,16,0.24615384615384617,1,
2020-03-28,Union,New Jersey,34039.0,742,10,7,223,0.4296724470134875,7,2.3333333333333335
2020-03-28,Warren,New Jersey,34041.0,51,2,0,13,0.34210526315789475,1,1.0
2020-03-28,Bernalillo,New Mexico,35001.0,93,1,3,11,0.13414634146341464,1,
2020-03-28,Albany,New York,36001.0,195,1,8,8,0.0427807486631016,1,
2020-03-28,Dutchess,New York,36027.0,262,2,7,37,0.16444444444444445,0,0.0
2020-03-28,Erie,New York,36029.0,354,6,6,135,0.6164383561643836,0,0.0
2020-03-28,Monroe,New York,36055.0,202,5,6,42,0.2625,1,0.25
2020-03-28,Nassau,New York,36059.0,5537,35,15,880,0.18896285162121537,8,0.2962962962962963
2020-03-28,Onondaga,New York,36067.0,129,0,5,14,0.12173913043478261,0,
2020-03-28,Orange,New York,36071.0,1101,3,9,191,0.2098901098901099,0,0.0
2020-03-28,Putnam,New York,36079.0,131,0,4,20,0.18018018018018017,0,
2020-03-28,Rockland,New York,36087.0,1896,8,9,439,0.3013040494166095,0,0.0
2020-03-28,Saratoga,New York,36091.0,96,0,5,14,0.17073170731707318,0,
2020-03-28,Schenectady,New York,36093.0,72,0,3,6,0.09090909090909091,0,
2020-03-28,Suffolk,New York,36103.0,4138,37,12,753,0.2224519940915805,15,0.6818181818181818
2020-03-28,Sullivan,New York,36105.0,72,0,2,8,0.125,0,
2020-03-28,Ulster,New York,36111.0,128,0,3,30,0.30612244897959184,0,
2020-03-28,Westchester,New York,36119.0,7875,10,21,688,0.09572839849728677,0,0.0
2020-03-28,Durham,North Carolina,37063.0,101,0,4,18,0.21686746987951808,0,
2020-03-28,Mecklenburg,North Carolina,37119.0,299,0,6,81,0.37155963302752293,0,
2020-03-28,Wake,North Carolina,37183.0,124,0,7,3,0.024793388429752067,0,
2020-03-28,Cuyahoga,Ohio,39035.0,370,3,9,40,0.12121212121212122,1,0.5
2020-03-28,Franklin,Ohio,39049.0,222,2,4,70,0.4605263157894737,0,0.0
2020-03-28,Hamilton,Ohio,39061.0,71,0,3,8,0.12698412698412698,0,
2020-03-28,Lorain,Ohio,39093.0,65,0,1,9,0.16071428571428573,0,
2020-03-28,Lucas,Ohio,39095.0,67,2,1,17,0.34,0,0.0
2020-03-28,Mahoning,Ohio,39099.0,80,2,2,12,0.17647058823529413,0,0.0
2020-03-28,Summit,Ohio,39153.0,79,4,2,14,0.2153846153846154,1,0.3333333333333333
2020-03-28,Oklahoma,Oklahoma,40109.0,107,3,3,13,0.13829787234042554,1,0.5
2020-03-28,Tulsa,Oklahoma,40143.0,57,3,1,8,0.16326530612244897,2,2.0
2020-03-28,Marion,Oregon,41047.0,94,3,2,11,0.13253012048192772,0,0.0
2020-03-28,Multnomah,Oregon,41051.0,81,2,1,14,0.208955223880597,0,0.0
2020-03-28,Washington,Oregon,41067.0,140,3,6,18,0.14754098360655737,0,0.0
2020-03-28,Allegheny,Pennsylvania,42003.0,219,2,5,61,0.3860759493670886,0,0.0
2020-03-28,Berks,Pennsylvania,42011.0,65,0,1,0,0.0,0,
2020-03-28,Bucks,Pennsylvania,42017.0,216,1,4,92,0.7419354838709677,1,
2020-03-28,Chester,Pennsylvania,42029.0,116,0,3,9,0.08411214953271028,0,
2020-03-28,Delaware,Pennsylvania,42045.0,226,4,5,41,0.22162162162162163,1,0.3333333333333333
2020-03-28,Lackawanna,Pennsylvania,42069.0,51,2,0,16,0.45714285714285713,0,0.0
2020-03-28,Lehigh,Pennsylvania,42077.0,109,3,2,16,0.17204301075268819,1,0.5
2020-03-28,Luzerne,Pennsylvania,42079.0,65,2,1,10,0.18181818181818182,0,0.0
2020-03-28,Monroe,Pennsylvania,42089.0,106,2,3,8,0.08163265306122448,0,0.0
2020-03-28,Montgomery,Pennsylvania,42091.0,411,5,8,37,0.09893048128342247,1,0.25
2020-03-28,Northampton,Pennsylvania,42095.0,94,4,2,15,0.189873417721519,1,0.3333333333333333
2020-03-28,Philadelphia,Pennsylvania,42101.0,709,5,7,179,0.33773584905660375,3,1.5
2020-03-28,Charleston,South Carolina,45019.0,108,1,3,16,0.17391304347826086,0,0.0
2020-03-28,Greenville,South Carolina,45045.0,57,1,3,6,0.11764705882352941,0,0.0
2020-03-28,Kershaw,South Carolina,45055.0,77,2,5,7,0.1,0,0.0
2020-03-28,Richland,South Carolina,45079.0,81,2,3,16,0.24615384615384617,1,1.0
2020-03-28,Davidson,Tennessee,47037.0,376,2,10,64,0.20512820512820512,0,0.0
2020-03-28,Shelby,Tennessee,47157.0,275,0,6,52,0.23318385650224216,0,
2020-03-28,Sumner,Tennessee,47165.0,82,0,1,24,0.41379310344827586,0,
2020-03-28,Williamson,Tennessee,47187.0,95,0,6,4,0.04395604395604396,0,
2020-03-28,Bexar,Texas,48029.0,125,5,7,12,0.10619469026548672,0,0.0
2020-03-28,Brazoria,Texas,48039.0,52,0,0,13,0.3333333333333333,0,
2020-03-28,Collin,Texas,48085.0,118,1,4,30,0.3409090909090909,0,0.0
2020-03-28,Dallas,Texas,48113.0,439,9,9,72,0.19618528610354224,2,0.2857142857142857
2020-03-28,Denton,Texas,48121.0,148,2,3,11,0.08029197080291971,1,1.0
2020-03-28,Fort Bend,Texas,48157.0,101,1,3,0,0.0,0,0.0
2020-03-28,Galveston,Texas,48167.0,60,0,1,11,0.22448979591836735,0,
2020-03-28,Harris,Texas,48201.0,232,3,8,3,0.013100436681222707,1,0.5
2020-03-28,Tarrant,Texas,48439.0,114,1,5,0,0.0,0,0.0
2020-03-28,Travis,Texas,48453.0,160,1,7,0,0.0,0,0.0
2020-03-28,Davis,Utah,49011.0,59,1,1,9,0.18,0,0.0
2020-03-28,Salt Lake,Utah,49035.0,276,0,7,64,0.3018867924528302,0,
2020-03-28,Summit,Utah,49043.0,127,0,6,17,0.15454545454545454,0,
2020-03-28,Chittenden,Vermont,50007.0,105,6,3,15,0.16666666666666666,0,0.0
2020-03-28,Arlington,Virginia,51013.0,75,0,2,12,0.19047619047619047,0,
2020-03-28,Fairfax,Virginia,51059.0,156,1,3,32,0.25806451612903225,0,0.0
2020-03-28,James City,Virginia,51095.0,65,3,2,10,0.18181818181818182,0,0.0
2020-03-28,Loudoun,Virginia,51107.0,54,0,0,11,0.2558139534883721,0,
2020-03-28,Prince William,Virginia,51153.0,56,0,0,12,0.2727272727272727,0,
2020-03-28,Benton,Washington,53005.0,56,5,0,14,0.3333333333333333,0,0.0
2020-03-28,Clark,Washington,53011.0,82,6,2,6,0.07894736842105263,0,0.0
2020-03-28,Island,Washington,53029.0,92,1,2,13,0.16455696202531644,0,0.0
2020-03-28,King,Washington,53033.0,2079,138,23,249,0.1360655737704918,11,0.08661417322834646
2020-03-28,Kitsap,Washington,53035.0,49,1,0,7,0.16666666666666666,0,0.0
2020-03-28,Pierce,Washington,53053.0,282,5,10,51,0.22077922077922077,0,0.0
2020-03-28,Skagit,Washington,53057.0,97,3,4,6,0.06593406593406594,2,2.0
2020-03-28,Snohomish,Washington,53061.0,912,23,18,-1,-0.001095290251916758,0,0.0
2020-03-28,Spokane,Washington,53063.0,108,2,3,22,0.2558139534883721,1,1.0
2020-03-28,Whatcom,Washington,53073.0,102,4,5,10,0.10869565217391304,0,0.0
2020-03-28,Yakima,Washington,53077.0,100,2,3,28,0.3888888888888889,0,0.0
2020-03-28,Dane,Wisconsin,55025.0,158,1,7,0,0.0,0,0.0
2020-03-28,Milwaukee,Wisconsin,55079.0,541,9,9,73,0.15598290598290598,0,0.0
2020-03-28,Waukesha,Wisconsin,55133.0,72,0,2,11,0.18032786885245902,0,
