date,state,fips,day_num,new,value,type,growth
2020-03-07,California,6,0,19,100,cases,0.2345679012345679
2020-03-07,California,6,0,0,1,deaths,0.0
2020-03-07,Washington,53,0,24,110,cases,0.27906976744186046
2020-03-07,Washington,53,0,4,16,deaths,0.3333333333333333
2020-03-08,California,6,1,12,112,cases,0.12
2020-03-08,California,6,1,0,1,deaths,0.0
2020-03-08,New York,36,0,17,106,cases,0.19101123595505617
2020-03-08,New York,36,0,0,0,deaths,
2020-03-08,Washington,53,1,31,141,cases,0.2818181818181818
2020-03-08,Washington,53,1,3,19,deaths,0.1875
2020-03-09,California,6,2,60,172,cases,0.5357142857142857
2020-03-09,California,6,2,1,2,deaths,1.0
2020-03-09,New York,36,1,36,142,cases,0.33962264150943394
2020-03-09,New York,36,1,0,0,deaths,
2020-03-09,Washington,53,2,38,179,cases,0.2695035460992908
2020-03-09,Washington,53,2,3,22,deaths,0.15789473684210525
2020-03-10,California,6,3,7,179,cases,0.040697674418604654
2020-03-10,California,6,3,1,3,deaths,0.5
2020-03-10,New York,36,2,31,173,cases,0.21830985915492956
2020-03-10,New York,36,2,0,0,deaths,
2020-03-10,Washington,53,3,100,279,cases,0.5586592178770949
2020-03-10,Washington,53,3,2,24,deaths,0.09090909090909091
2020-03-11,California,6,4,23,202,cases,0.12849162011173185
2020-03-11,California,6,4,1,4,deaths,0.3333333333333333
2020-03-11,New York,36,3,44,217,cases,0.2543352601156069
2020-03-11,New York,36,3,0,0,deaths,
2020-03-11,Washington,53,4,59,338,cases,0.2114695340501792
2020-03-11,Washington,53,4,5,29,deaths,0.20833333333333334
2020-03-12,California,6,5,50,252,cases,0.24752475247524752
2020-03-12,California,6,5,0,4,deaths,0.0
2020-03-12,Massachusetts,25,0,13,108,cases,0.1368421052631579
2020-03-12,Massachusetts,25,0,0,0,deaths,
2020-03-12,New York,36,4,109,326,cases,0.5023041474654378
2020-03-12,New York,36,4,0,0,deaths,
2020-03-12,Washington,53,5,81,419,cases,0.23964497041420119
2020-03-12,Washington,53,5,3,32,deaths,0.10344827586206896
2020-03-13,California,6,6,68,320,cases,0.2698412698412698
2020-03-13,California,6,6,1,5,deaths,0.25
2020-03-13,Massachusetts,25,1,15,123,cases,0.1388888888888889
2020-03-13,Massachusetts,25,1,0,0,deaths,
2020-03-13,New York,36,5,95,421,cases,0.29141104294478526
2020-03-13,New York,36,5,0,0,deaths,
2020-03-13,Washington,53,6,92,511,cases,0.21957040572792363
2020-03-13,Washington,53,6,5,37,deaths,0.15625
2020-03-14,California,6,7,61,381,cases,0.190625
2020-03-14,California,6,7,0,5,deaths,0.0
2020-03-14,Colorado,8,0,25,103,cases,0.32051282051282054
2020-03-14,Colorado,8,0,0,2,deaths,0.0
2020-03-14,Massachusetts,25,2,15,138,cases,0.12195121951219512
2020-03-14,Massachusetts,25,2,0,0,deaths,
2020-03-14,New York,36,6,189,610,cases,0.4489311163895487
2020-03-14,New York,36,6,2,2,deaths,
2020-03-14,Washington,53,7,98,609,cases,0.1917808219178082
2020-03-14,Washington,53,7,3,40,deaths,0.08108108108108109
2020-03-15,California,6,8,97,478,cases,0.2545931758530184
2020-03-15,California,6,8,1,6,deaths,0.2
2020-03-15,Colorado,8,1,33,136,cases,0.32038834951456313
2020-03-15,Colorado,8,1,0,2,deaths,0.0
2020-03-15,Florida,12,0,39,109,cases,0.5571428571428572
2020-03-15,Florida,12,0,0,3,deaths,0.0
2020-03-15,Louisiana,22,0,26,103,cases,0.33766233766233766
2020-03-15,Louisiana,22,0,1,2,deaths,1.0
2020-03-15,Massachusetts,25,3,26,164,cases,0.18840579710144928
2020-03-15,Massachusetts,25,3,0,0,deaths,
2020-03-15,New York,36,7,122,732,cases,0.2
2020-03-15,New York,36,7,4,6,deaths,2.0
2020-03-15,Washington,53,8,66,675,cases,0.10837438423645321
2020-03-15,Washington,53,8,2,42,deaths,0.05
2020-03-16,California,6,9,110,588,cases,0.2301255230125523
2020-03-16,California,6,9,5,11,deaths,0.8333333333333334
2020-03-16,Colorado,8,2,25,161,cases,0.18382352941176472
2020-03-16,Colorado,8,2,0,2,deaths,0.0
2020-03-16,Florida,12,1,32,141,cases,0.29357798165137616
2020-03-16,Florida,12,1,1,4,deaths,0.3333333333333333
2020-03-16,Georgia,13,0,21,118,cases,0.21649484536082475
2020-03-16,Georgia,13,0,0,1,deaths,0.0
2020-03-16,Illinois,17,0,10,104,cases,0.10638297872340426
2020-03-16,Illinois,17,0,0,0,deaths,
2020-03-16,Louisiana,22,1,34,137,cases,0.3300970873786408
2020-03-16,Louisiana,22,1,1,3,deaths,0.5
2020-03-16,Massachusetts,25,4,33,197,cases,0.20121951219512196
2020-03-16,Massachusetts,25,4,0,0,deaths,
2020-03-16,New Jersey,34,0,78,176,cases,0.7959183673469388
2020-03-16,New Jersey,34,0,1,3,deaths,0.5
2020-03-16,New York,36,8,218,950,cases,0.2978142076502732
2020-03-16,New York,36,8,4,10,deaths,0.6666666666666666
2020-03-16,Washington,53,9,119,794,cases,0.17629629629629628
2020-03-16,Washington,53,9,6,48,deaths,0.14285714285714285
2020-03-17,California,6,10,144,732,cases,0.24489795918367346
2020-03-17,California,6,10,3,14,deaths,0.2727272727272727
2020-03-17,Colorado,8,3,22,183,cases,0.13664596273291926
2020-03-17,Colorado,8,3,1,3,deaths,0.5
2020-03-17,Florida,12,2,69,210,cases,0.48936170212765956
2020-03-17,Florida,12,2,2,6,deaths,0.5
2020-03-17,Georgia,13,1,24,142,cases,0.2033898305084746
2020-03-17,Georgia,13,1,0,1,deaths,0.0
2020-03-17,Illinois,17,1,55,159,cases,0.5288461538461539
2020-03-17,Illinois,17,1,1,1,deaths,
2020-03-17,Louisiana,22,2,59,196,cases,0.4306569343065693
2020-03-17,Louisiana,22,2,2,5,deaths,0.6666666666666666
2020-03-17,Massachusetts,25,5,21,218,cases,0.1065989847715736
2020-03-17,Massachusetts,25,5,0,0,deaths,
2020-03-17,New Jersey,34,1,92,268,cases,0.5227272727272727
2020-03-17,New Jersey,34,1,0,3,deaths,0.0
2020-03-17,New York,36,9,424,1374,cases,0.4463157894736842
2020-03-17,New York,36,9,7,17,deaths,0.7
2020-03-17,Pennsylvania,42,0,20,101,cases,0.24691358024691357
2020-03-17,Pennsylvania,42,0,0,0,deaths,
2020-03-17,Texas,48,0,19,106,cases,0.21839080459770116
2020-03-17,Texas,48,0,0,1,deaths,0.0
2020-03-17,Washington,53,10,114,908,cases,0.14357682619647355
2020-03-17,Washington,53,10,6,54,deaths,0.125
2020-03-18,California,6,11,161,893,cases,0.21994535519125682
2020-03-18,California,6,11,3,17,deaths,0.21428571428571427
2020-03-18,Colorado,8,4,33,216,cases,0.18032786885245902
2020-03-18,Colorado,8,4,0,3,deaths,0.0
2020-03-18,Florida,12,3,116,326,cases,0.5523809523809524
2020-03-18,Florida,12,3,1,7,deaths,0.16666666666666666
2020-03-18,Georgia,13,2,51,193,cases,0.3591549295774648
2020-03-18,Georgia,13,2,2,3,deaths,2.0
2020-03-18,Illinois,17,2,127,286,cases,0.7987421383647799
2020-03-18,Illinois,17,2,0,1,deaths,0.0
2020-03-18,Louisiana,22,3,84,280,cases,0.42857142857142855
2020-03-18,Louisiana,22,3,2,7,deaths,0.4
2020-03-18,Massachusetts,25,6,38,256,cases,0.1743119266055046
2020-03-18,Massachusetts,25,6,0,0,deaths,
2020-03-18,New Jersey,34,2,159,427,cases,0.5932835820895522
2020-03-18,New Jersey,34,2,2,5,deaths,0.6666666666666666
2020-03-18,New York,36,10,1008,2382,cases,0.7336244541484717
2020-03-18,New York,36,10,10,27,deaths,0.5882352941176471
2020-03-18,Pennsylvania,42,1,38,139,cases,0.37623762376237624
2020-03-18,Pennsylvania,42,1,1,1,deaths,
2020-03-18,Texas,48,1,60,166,cases,0.5660377358490566
2020-03-18,Texas,48,1,1,2,deaths,1.0
2020-03-18,Washington,53,11,118,1026,cases,0.1299559471365639
2020-03-18,Washington,53,11,14,68,deaths,0.25925925925925924
2020-03-18,Wisconsin,55,0,34,106,cases,0.4722222222222222
2020-03-18,Wisconsin,55,0,0,0,deaths,
2020-03-19,California,6,12,174,1067,cases,0.1948488241881299
2020-03-19,California,6,12,2,19,deaths,0.11764705882352941
2020-03-19,Colorado,8,5,62,278,cases,0.28703703703703703
2020-03-19,Colorado,8,5,2,5,deaths,0.6666666666666666
2020-03-19,Connecticut,9,0,63,159,cases,0.65625
2020-03-19,Connecticut,9,0,3,4,deaths,3.0
2020-03-19,Florida,12,4,108,434,cases,0.3312883435582822
2020-03-19,Florida,12,4,1,8,deaths,0.14285714285714285
2020-03-19,Georgia,13,3,89,282,cases,0.46113989637305697
2020-03-19,Georgia,13,3,7,10,deaths,2.3333333333333335
2020-03-19,Illinois,17,3,134,420,cases,0.46853146853146854
2020-03-19,Illinois,17,3,3,4,deaths,3.0
2020-03-19,Louisiana,22,4,112,392,cases,0.4
2020-03-19,Louisiana,22,4,3,10,deaths,0.42857142857142855
2020-03-19,Maryland,24,0,23,108,cases,0.27058823529411763
2020-03-19,Maryland,24,0,0,1,deaths,0.0
2020-03-19,Massachusetts,25,7,72,328,cases,0.28125
2020-03-19,Massachusetts,25,7,0,0,deaths,
2020-03-19,Michigan,26,0,254,334,cases,3.175
2020-03-19,Michigan,26,0,2,3,deaths,2.0
2020-03-19,New Jersey,34,3,308,735,cases,0.7213114754098361
2020-03-19,New Jersey,34,3,4,9,deaths,0.8
2020-03-19,New York,36,11,1770,4152,cases,0.743073047858942
2020-03-19,New York,36,11,3,30,deaths,0.1111111111111111
2020-03-19,North Carolina,37,0,38,104,cases,0.5757575757575758
2020-03-19,North Carolina,37,0,0,0,deaths,
2020-03-19,Ohio,39,0,30,120,cases,0.3333333333333333
2020-03-19,Ohio,39,0,0,0,deaths,
2020-03-19,Pennsylvania,42,2,48,187,cases,0.34532374100719426
2020-03-19,Pennsylvania,42,2,0,1,deaths,0.0
2020-03-19,Tennessee,47,0,57,155,cases,0.5816326530612245
2020-03-19,Tennessee,47,0,0,0,deaths,
2020-03-19,Texas,48,2,82,248,cases,0.4939759036144578
2020-03-19,Texas,48,2,2,4,deaths,1.0
2020-03-19,Washington,53,12,202,1228,cases,0.1968810916179337
2020-03-19,Washington,53,12,7,75,deaths,0.10294117647058823
2020-03-19,Wisconsin,55,1,49,155,cases,0.46226415094339623
2020-03-19,Wisconsin,55,1,2,2,deaths,
2020-03-20,Alabama,1,0,28,106,cases,0.358974358974359
2020-03-20,Alabama,1,0,0,0,deaths,
2020-03-20,Arkansas,5,0,38,100,cases,0.6129032258064516
2020-03-20,Arkansas,5,0,0,0,deaths,
2020-03-20,California,6,13,216,1283,cases,0.20243673851921273
2020-03-20,California,6,13,5,24,deaths,0.2631578947368421
2020-03-20,Colorado,8,6,86,364,cases,0.30935251798561153
2020-03-20,Colorado,8,6,0,5,deaths,0.0
2020-03-20,Connecticut,9,1,35,194,cases,0.22012578616352202
2020-03-20,Connecticut,9,1,0,4,deaths,0.0
2020-03-20,Florida,12,5,130,564,cases,0.2995391705069124
2020-03-20,Florida,12,5,1,9,deaths,0.125
2020-03-20,Georgia,13,4,200,482,cases,0.7092198581560284
2020-03-20,Georgia,13,4,4,14,deaths,0.4
2020-03-20,Illinois,17,4,163,583,cases,0.3880952380952381
2020-03-20,Illinois,17,4,1,5,deaths,0.25
2020-03-20,Louisiana,22,5,145,537,cases,0.36989795918367346
2020-03-20,Louisiana,22,5,0,10,deaths,0.0
2020-03-20,Maryland,24,1,42,150,cases,0.3888888888888889
2020-03-20,Maryland,24,1,1,2,deaths,1.0
2020-03-20,Massachusetts,25,8,85,413,cases,0.25914634146341464
2020-03-20,Massachusetts,25,8,1,1,deaths,
2020-03-20,Michigan,26,1,214,548,cases,0.6407185628742516
2020-03-20,Michigan,26,1,1,4,deaths,0.3333333333333333
2020-03-20,Minnesota,27,0,26,115,cases,0.29213483146067415
2020-03-20,Minnesota,27,0,0,0,deaths,
2020-03-20,Nevada,32,0,66,165,cases,0.6666666666666666
2020-03-20,Nevada,32,0,1,2,deaths,1.0
2020-03-20,New Jersey,34,4,161,896,cases,0.21904761904761905
2020-03-20,New Jersey,34,4,2,11,deaths,0.2222222222222222
2020-03-20,New York,36,12,2950,7102,cases,0.7105009633911368
2020-03-20,New York,36,12,27,57,deaths,0.9
2020-03-20,North Carolina,37,1,40,144,cases,0.38461538461538464
2020-03-20,North Carolina,37,1,0,0,deaths,
2020-03-20,Ohio,39,1,49,169,cases,0.4083333333333333
2020-03-20,Ohio,39,1,1,1,deaths,
2020-03-20,Oregon,41,0,27,114,cases,0.3103448275862069
2020-03-20,Oregon,41,0,0,3,deaths,0.0
2020-03-20,Pennsylvania,42,3,82,269,cases,0.4385026737967914
2020-03-20,Pennsylvania,42,3,0,1,deaths,0.0
2020-03-20,South Carolina,45,0,45,126,cases,0.5555555555555556
2020-03-20,South Carolina,45,0,2,3,deaths,2.0
2020-03-20,Tennessee,47,1,82,237,cases,0.5290322580645161
2020-03-20,Tennessee,47,1,0,0,deaths,
2020-03-20,Texas,48,3,129,377,cases,0.5201612903225806
2020-03-20,Texas,48,3,1,5,deaths,0.25
2020-03-20,Utah,49,0,32,112,cases,0.4
2020-03-20,Utah,49,0,0,0,deaths,
2020-03-20,Virginia,51,0,21,115,cases,0.22340425531914893
2020-03-20,Virginia,51,0,0,2,deaths,0.0
2020-03-20,Washington,53,13,176,1404,cases,0.14332247557003258
2020-03-20,Washington,53,13,8,83,deaths,0.10666666666666667
2020-03-20,Wisconsin,55,2,61,216,cases,0.3935483870967742
2020-03-20,Wisconsin,55,2,1,3,deaths,0.5
2020-03-21,Alabama,1,1,25,131,cases,0.2358490566037736
2020-03-21,Alabama,1,1,0,0,deaths,
2020-03-21,Arizona,4,0,34,104,cases,0.4857142857142857
2020-03-21,Arizona,4,0,0,1,deaths,0.0
2020-03-21,Arkansas,5,1,18,118,cases,0.18
2020-03-21,Arkansas,5,1,0,0,deaths,
2020-03-21,California,6,14,261,1544,cases,0.2034294621979735
2020-03-21,California,6,14,4,28,deaths,0.16666666666666666
2020-03-21,Colorado,8,7,111,475,cases,0.30494505494505497
2020-03-21,Colorado,8,7,1,6,deaths,0.2
2020-03-21,Connecticut,9,2,29,223,cases,0.14948453608247422
2020-03-21,Connecticut,9,2,1,5,deaths,0.25
2020-03-21,Florida,12,6,200,764,cases,0.3546099290780142
2020-03-21,Florida,12,6,2,11,deaths,0.2222222222222222
2020-03-21,Georgia,13,5,70,552,cases,0.14522821576763487
2020-03-21,Georgia,13,5,6,20,deaths,0.42857142857142855
2020-03-21,Illinois,17,5,168,751,cases,0.2881646655231561
2020-03-21,Illinois,17,5,1,6,deaths,0.2
2020-03-21,Indiana,18,0,47,126,cases,0.5949367088607594
2020-03-21,Indiana,18,0,1,4,deaths,0.3333333333333333
2020-03-21,Louisiana,22,6,226,763,cases,0.4208566108007449
2020-03-21,Louisiana,22,6,6,16,deaths,0.6
2020-03-21,Maryland,24,2,45,195,cases,0.3
2020-03-21,Maryland,24,2,1,3,deaths,0.5
2020-03-21,Massachusetts,25,9,112,525,cases,0.2711864406779661
2020-03-21,Massachusetts,25,9,1,2,deaths,1.0
2020-03-21,Michigan,26,2,239,787,cases,0.43613138686131386
2020-03-21,Michigan,26,2,2,6,deaths,0.5
2020-03-21,Minnesota,27,1,23,138,cases,0.2
2020-03-21,Minnesota,27,1,1,1,deaths,
2020-03-21,Mississippi,28,0,60,140,cases,0.75
2020-03-21,Mississippi,28,0,0,1,deaths,0.0
2020-03-21,Nevada,32,1,0,165,cases,0.0
2020-03-21,Nevada,32,1,0,2,deaths,0.0
2020-03-21,New Jersey,34,5,440,1336,cases,0.49107142857142855
2020-03-21,New Jersey,34,5,5,16,deaths,0.45454545454545453
2020-03-21,New York,36,13,3254,10356,cases,0.4581807941424951
2020-03-21,New York,36,13,23,80,deaths,0.40350877192982454
2020-03-21,North Carolina,37,2,40,184,cases,0.2777777777777778
2020-03-21,North Carolina,37,2,0,0,deaths,
2020-03-21,Ohio,39,2,78,247,cases,0.46153846153846156
2020-03-21,Ohio,39,2,2,3,deaths,2.0
2020-03-21,Oregon,41,1,23,137,cases,0.20175438596491227
2020-03-21,Oregon,41,1,1,4,deaths,0.3333333333333333
2020-03-21,Pennsylvania,42,4,119,388,cases,0.4423791821561338
2020-03-21,Pennsylvania,42,4,1,2,deaths,1.0
2020-03-21,South Carolina,45,1,46,172,cases,0.36507936507936506
2020-03-21,South Carolina,45,1,0,3,deaths,0.0
2020-03-21,Tennessee,47,2,75,312,cases,0.31645569620253167
2020-03-21,Tennessee,47,2,2,2,deaths,
2020-03-21,Texas,48,4,170,547,cases,0.4509283819628647
2020-03-21,Texas,48,4,0,5,deaths,0.0
2020-03-21,Utah,49,1,26,138,cases,0.23214285714285715
2020-03-21,Utah,49,1,0,0,deaths,
2020-03-21,Virginia,51,1,37,152,cases,0.3217391304347826
2020-03-21,Virginia,51,1,1,3,deaths,0.5
2020-03-21,Washington,53,14,251,1655,cases,0.1787749287749288
2020-03-21,Washington,53,14,12,95,deaths,0.14457831325301204
2020-03-21,Wisconsin,55,3,65,281,cases,0.30092592592592593
2020-03-21,Wisconsin,55,3,1,4,deaths,0.3333333333333333
2020-03-22,Alabama,1,2,26,157,cases,0.1984732824427481
2020-03-22,Alabama,1,2,0,0,deaths,
2020-03-22,Arizona,4,1,49,153,cases,0.47115384615384615
2020-03-22,Arizona,4,1,1,2,deaths,1.0
2020-03-22,Arkansas,5,2,47,165,cases,0.3983050847457627
2020-03-22,Arkansas,5,2,0,0,deaths,
2020-03-22,California,6,15,307,1851,cases,0.19883419689119172
2020-03-22,California,6,15,7,35,deaths,0.25
2020-03-22,Colorado,8,8,116,591,cases,0.24421052631578946
2020-03-22,Colorado,8,8,1,7,deaths,0.16666666666666666
2020-03-22,Connecticut,9,3,104,327,cases,0.4663677130044843
2020-03-22,Connecticut,9,3,3,8,deaths,0.6
2020-03-22,District of Columbia,11,0,18,116,cases,0.1836734693877551
2020-03-22,District of Columbia,11,0,1,2,deaths,1.0
2020-03-22,Florida,12,7,236,1000,cases,0.3089005235602094
2020-03-22,Florida,12,7,2,13,deaths,0.18181818181818182
2020-03-22,Georgia,13,6,68,620,cases,0.12318840579710146
2020-03-22,Georgia,13,6,5,25,deaths,0.25
2020-03-22,Illinois,17,6,296,1047,cases,0.3941411451398136
2020-03-22,Illinois,17,6,3,9,deaths,0.5
2020-03-22,Indiana,18,1,75,201,cases,0.5952380952380952
2020-03-22,Indiana,18,1,2,6,deaths,0.5
2020-03-22,Kentucky,21,0,19,103,cases,0.2261904761904762
2020-03-22,Kentucky,21,0,0,3,deaths,0.0
2020-03-22,Louisiana,22,7,74,837,cases,0.09698558322411534
2020-03-22,Louisiana,22,7,4,20,deaths,0.25
2020-03-22,Maryland,24,3,50,245,cases,0.2564102564102564
2020-03-22,Maryland,24,3,0,3,deaths,0.0
2020-03-22,Massachusetts,25,10,121,646,cases,0.23047619047619047
2020-03-22,Massachusetts,25,10,3,5,deaths,1.5
2020-03-22,Michigan,26,3,246,1033,cases,0.312579415501906
2020-03-22,Michigan,26,3,3,9,deaths,0.5
2020-03-22,Minnesota,27,2,33,171,cases,0.2391304347826087
2020-03-22,Minnesota,27,2,0,1,deaths,0.0
2020-03-22,Mississippi,28,1,67,207,cases,0.4785714285714286
2020-03-22,Mississippi,28,1,0,1,deaths,0.0
2020-03-22,Missouri,29,0,37,130,cases,0.3978494623655914
2020-03-22,Missouri,29,0,0,3,deaths,0.0
2020-03-22,Nevada,32,2,25,190,cases,0.15151515151515152
2020-03-22,Nevada,32,2,0,2,deaths,0.0
2020-03-22,New Jersey,34,6,578,1914,cases,0.43263473053892215
2020-03-22,New Jersey,34,6,4,20,deaths,0.25
2020-03-22,New York,36,14,4812,15168,cases,0.4646581691772885
2020-03-22,New York,36,14,42,122,deaths,0.525
2020-03-22,North Carolina,37,3,85,269,cases,0.46195652173913043
2020-03-22,North Carolina,37,3,0,0,deaths,
2020-03-22,Ohio,39,3,104,351,cases,0.42105263157894735
2020-03-22,Ohio,39,3,0,3,deaths,0.0
2020-03-22,Oregon,41,2,24,161,cases,0.17518248175182483
2020-03-22,Oregon,41,2,1,5,deaths,0.25
2020-03-22,Pennsylvania,42,5,116,504,cases,0.29896907216494845
2020-03-22,Pennsylvania,42,5,1,3,deaths,0.5
2020-03-22,South Carolina,45,2,22,194,cases,0.12790697674418605
2020-03-22,South Carolina,45,2,0,3,deaths,0.0
2020-03-22,Tennessee,47,3,112,424,cases,0.358974358974359
2020-03-22,Tennessee,47,3,0,2,deaths,0.0
2020-03-22,Texas,48,5,85,632,cases,0.15539305301645337
2020-03-22,Texas,48,5,2,7,deaths,0.4
2020-03-22,Utah,49,2,44,182,cases,0.3188405797101449
2020-03-22,Utah,49,2,1,1,deaths,
2020-03-22,Virginia,51,2,67,219,cases,0.4407894736842105
2020-03-22,Virginia,51,2,3,6,deaths,1.0
2020-03-22,Washington,53,15,189,1844,cases,0.11419939577039274
2020-03-22,Washington,53,15,2,97,deaths,0.021052631578947368
2020-03-22,Wisconsin,55,4,101,382,cases,0.3594306049822064
2020-03-22,Wisconsin,55,4,0,4,deaths,0.0
2020-03-23,Alabama,1,3,39,196,cases,0.2484076433121019
2020-03-23,Alabama,1,3,0,0,deaths,
2020-03-23,Arizona,4,2,81,234,cases,0.5294117647058824
2020-03-23,Arizona,4,2,0,2,deaths,0.0
2020-03-23,Arkansas,5,3,36,201,cases,0.21818181818181817
2020-03-23,Arkansas,5,3,0,0,deaths,
2020-03-23,California,6,16,389,2240,cases,0.2101566720691518
2020-03-23,California,6,16,4,39,deaths,0.11428571428571428
2020-03-23,Colorado,8,9,130,721,cases,0.21996615905245348
2020-03-23,Colorado,8,9,3,10,deaths,0.42857142857142855
2020-03-23,Connecticut,9,4,88,415,cases,0.2691131498470948
2020-03-23,Connecticut,9,4,2,10,deaths,0.25
2020-03-23,District of Columbia,11,1,22,138,cases,0.1896551724137931
2020-03-23,District of Columbia,11,1,0,2,deaths,0.0
2020-03-23,Florida,12,8,222,1222,cases,0.222
2020-03-23,Florida,12,8,5,18,deaths,0.38461538461538464
2020-03-23,Georgia,13,7,180,800,cases,0.2903225806451613
2020-03-23,Georgia,13,7,0,25,deaths,0.0
2020-03-23,Illinois,17,7,238,1285,cases,0.22731614135625597
2020-03-23,Illinois,17,7,3,12,deaths,0.3333333333333333
2020-03-23,Indiana,18,2,58,259,cases,0.2885572139303483
2020-03-23,Indiana,18,2,1,7,deaths,0.16666666666666666
2020-03-23,Iowa,19,0,15,105,cases,0.16666666666666666
2020-03-23,Iowa,19,0,0,0,deaths,
2020-03-23,Kentucky,21,1,21,124,cases,0.20388349514563106
2020-03-23,Kentucky,21,1,0,3,deaths,0.0
2020-03-23,Louisiana,22,8,335,1172,cases,0.4002389486260454
2020-03-23,Louisiana,22,8,14,34,deaths,0.7
2020-03-23,Maine,23,0,18,107,cases,0.20224719101123595
2020-03-23,Maine,23,0,0,0,deaths,
2020-03-23,Maryland,24,4,45,290,cases,0.1836734693877551
2020-03-23,Maryland,24,4,0,3,deaths,0.0
2020-03-23,Massachusetts,25,11,131,777,cases,0.20278637770897834
2020-03-23,Massachusetts,25,11,0,5,deaths,0.0
2020-03-23,Michigan,26,4,291,1324,cases,0.28170377541142305
2020-03-23,Michigan,26,4,7,16,deaths,0.7777777777777778
2020-03-23,Minnesota,27,3,64,235,cases,0.3742690058479532
2020-03-23,Minnesota,27,3,0,1,deaths,0.0
2020-03-23,Mississippi,28,2,42,249,cases,0.2028985507246377
2020-03-23,Mississippi,28,2,0,1,deaths,0.0
2020-03-23,Missouri,29,1,53,183,cases,0.4076923076923077
2020-03-23,Missouri,29,1,1,4,deaths,0.3333333333333333
2020-03-23,Nevada,32,3,75,265,cases,0.39473684210526316
2020-03-23,Nevada,32,3,2,4,deaths,1.0
2020-03-23,New Hampshire,33,0,23,101,cases,0.2948717948717949
2020-03-23,New Hampshire,33,0,1,1,deaths,
2020-03-23,New Jersey,34,7,930,2844,cases,0.48589341692789967
2020-03-23,New Jersey,34,7,7,27,deaths,0.35
2020-03-23,New York,36,15,5707,20875,cases,0.3762526371308017
2020-03-23,New York,36,15,37,159,deaths,0.30327868852459017
2020-03-23,North Carolina,37,4,34,303,cases,0.12639405204460966
2020-03-23,North Carolina,37,4,0,0,deaths,
2020-03-23,Ohio,39,4,93,444,cases,0.26495726495726496
2020-03-23,Ohio,39,4,3,6,deaths,1.0
2020-03-23,Oregon,41,3,30,191,cases,0.18633540372670807
2020-03-23,Oregon,41,3,0,5,deaths,0.0
2020-03-23,Pennsylvania,42,6,140,644,cases,0.2777777777777778
2020-03-23,Pennsylvania,42,6,3,6,deaths,1.0
2020-03-23,Rhode Island,44,0,23,106,cases,0.27710843373493976
2020-03-23,Rhode Island,44,0,0,0,deaths,
2020-03-23,South Carolina,45,3,105,299,cases,0.5412371134020618
2020-03-23,South Carolina,45,3,2,5,deaths,0.6666666666666666
2020-03-23,Tennessee,47,4,98,522,cases,0.23113207547169812
2020-03-23,Tennessee,47,4,0,2,deaths,0.0
2020-03-23,Texas,48,6,96,728,cases,0.1518987341772152
2020-03-23,Texas,48,6,0,7,deaths,0.0
2020-03-23,Utah,49,3,75,257,cases,0.41208791208791207
2020-03-23,Utah,49,3,0,1,deaths,0.0
2020-03-23,Virginia,51,3,35,254,cases,0.1598173515981735
2020-03-23,Virginia,51,3,0,6,deaths,0.0
2020-03-23,Washington,53,16,257,2101,cases,0.1393709327548807
2020-03-23,Washington,53,16,13,110,deaths,0.13402061855670103
2020-03-23,Wisconsin,55,5,36,418,cases,0.09424083769633508
2020-03-23,Wisconsin,55,5,1,5,deaths,0.25
2020-03-24,Alabama,1,4,46,242,cases,0.23469387755102042
2020-03-24,Alabama,1,4,0,0,deaths,
2020-03-24,Arizona,4,3,92,326,cases,0.39316239316239315
2020-03-24,Arizona,4,3,4,6,deaths,2.0
2020-03-24,Arkansas,5,4,31,232,cases,0.15422885572139303
2020-03-24,Arkansas,5,4,2,2,deaths,
2020-03-24,California,6,17,404,2644,cases,0.18035714285714285
2020-03-24,California,6,17,13,52,deaths,0.3333333333333333
2020-03-24,Colorado,8,10,191,912,cases,0.26490984743411927
2020-03-24,Colorado,8,10,1,11,deaths,0.1
2020-03-24,Connecticut,9,5,203,618,cases,0.4891566265060241
2020-03-24,Connecticut,9,5,2,12,deaths,0.2
2020-03-24,Delaware,10,0,17,104,cases,0.19540229885057472
2020-03-24,Delaware,10,0,0,0,deaths,
2020-03-24,District of Columbia,11,2,45,183,cases,0.32608695652173914
2020-03-24,District of Columbia,11,2,0,2,deaths,0.0
2020-03-24,Florida,12,9,245,1467,cases,0.20049099836333878
2020-03-24,Florida,12,9,1,19,deaths,0.05555555555555555
2020-03-24,Georgia,13,8,297,1097,cases,0.37125
2020-03-24,Georgia,13,8,13,38,deaths,0.52
2020-03-24,Illinois,17,8,250,1535,cases,0.19455252918287938
2020-03-24,Illinois,17,8,4,16,deaths,0.3333333333333333
2020-03-24,Indiana,18,3,107,366,cases,0.41312741312741313
2020-03-24,Indiana,18,3,5,12,deaths,0.7142857142857143
2020-03-24,Iowa,19,1,19,124,cases,0.18095238095238095
2020-03-24,Iowa,19,1,1,1,deaths,
2020-03-24,Kentucky,21,2,33,157,cases,0.2661290322580645
2020-03-24,Kentucky,21,2,0,3,deaths,0.0
2020-03-24,Louisiana,22,9,216,1388,cases,0.18430034129692832
2020-03-24,Louisiana,22,9,12,46,deaths,0.35294117647058826
2020-03-24,Maine,23,1,11,118,cases,0.102803738317757
2020-03-24,Maine,23,1,0,0,deaths,
2020-03-24,Maryland,24,5,59,349,cases,0.20344827586206896
2020-03-24,Maryland,24,5,1,4,deaths,0.3333333333333333
2020-03-24,Massachusetts,25,12,382,1159,cases,0.49163449163449163
2020-03-24,Massachusetts,25,12,6,11,deaths,1.2
2020-03-24,Michigan,26,5,467,1791,cases,0.3527190332326284
2020-03-24,Michigan,26,5,8,24,deaths,0.5
2020-03-24,Minnesota,27,4,27,262,cases,0.1148936170212766
2020-03-24,Minnesota,27,4,0,1,deaths,0.0
2020-03-24,Mississippi,28,3,71,320,cases,0.285140562248996
2020-03-24,Mississippi,28,3,0,1,deaths,0.0
2020-03-24,Missouri,29,2,72,255,cases,0.39344262295081966
2020-03-24,Missouri,29,2,1,5,deaths,0.25
2020-03-24,Nevada,32,4,50,315,cases,0.18867924528301888
2020-03-24,Nevada,32,4,2,6,deaths,0.5
2020-03-24,New Hampshire,33,1,7,108,cases,0.06930693069306931
2020-03-24,New Hampshire,33,1,0,1,deaths,0.0
2020-03-24,New Jersey,34,8,831,3675,cases,0.2921940928270042
2020-03-24,New Jersey,34,8,17,44,deaths,0.6296296296296297
2020-03-24,New Mexico,35,0,17,100,cases,0.20481927710843373
2020-03-24,New Mexico,35,0,0,0,deaths,
2020-03-24,New York,36,16,4790,25665,cases,0.22946107784431138
2020-03-24,New York,36,16,59,218,deaths,0.3710691823899371
2020-03-24,North Carolina,37,5,96,399,cases,0.31683168316831684
2020-03-24,North Carolina,37,5,0,0,deaths,
2020-03-24,Ohio,39,5,120,564,cases,0.2702702702702703
2020-03-24,Ohio,39,5,2,8,deaths,0.3333333333333333
2020-03-24,Oklahoma,40,0,25,106,cases,0.30864197530864196
2020-03-24,Oklahoma,40,0,1,3,deaths,0.5
2020-03-24,Oregon,41,4,18,209,cases,0.09424083769633508
2020-03-24,Oregon,41,4,3,8,deaths,0.6
2020-03-24,Pennsylvania,42,7,207,851,cases,0.32142857142857145
2020-03-24,Pennsylvania,42,7,1,7,deaths,0.16666666666666666
2020-03-24,Rhode Island,44,1,18,124,cases,0.16981132075471697
2020-03-24,Rhode Island,44,1,0,0,deaths,
2020-03-24,South Carolina,45,4,43,342,cases,0.14381270903010032
2020-03-24,South Carolina,45,4,2,7,deaths,0.4
2020-03-24,Tennessee,47,5,157,679,cases,0.3007662835249042
2020-03-24,Tennessee,47,5,0,2,deaths,0.0
2020-03-24,Texas,48,7,129,857,cases,0.1771978021978022
2020-03-24,Texas,48,7,4,11,deaths,0.5714285714285714
2020-03-24,Utah,49,4,41,298,cases,0.15953307392996108
2020-03-24,Utah,49,4,0,1,deaths,0.0
2020-03-24,Virginia,51,4,36,290,cases,0.14173228346456693
2020-03-24,Virginia,51,4,1,7,deaths,0.16666666666666666
2020-03-24,Washington,53,17,368,2469,cases,0.17515468824369348
2020-03-24,Washington,53,17,13,123,deaths,0.11818181818181818
2020-03-24,Wisconsin,55,6,63,481,cases,0.1507177033492823
2020-03-24,Wisconsin,55,6,0,5,deaths,0.0
2020-03-25,Alabama,1,5,144,386,cases,0.5950413223140496
2020-03-25,Alabama,1,5,1,1,deaths,
2020-03-25,Arizona,4,4,76,402,cases,0.2331288343558282
2020-03-25,Arizona,4,4,0,6,deaths,0.0
2020-03-25,Arkansas,5,5,76,308,cases,0.3275862068965517
2020-03-25,Arkansas,5,5,0,2,deaths,0.0
2020-03-25,California,6,18,539,3183,cases,0.20385779122541603
2020-03-25,California,6,18,15,67,deaths,0.28846153846153844
2020-03-25,Colorado,8,11,174,1086,cases,0.19078947368421054
2020-03-25,Colorado,8,11,8,19,deaths,0.7272727272727273
2020-03-25,Connecticut,9,6,257,875,cases,0.41585760517799353
2020-03-25,Connecticut,9,6,7,19,deaths,0.5833333333333334
2020-03-25,Delaware,10,1,15,119,cases,0.14423076923076922
2020-03-25,Delaware,10,1,0,0,deaths,
2020-03-25,District of Columbia,11,3,48,231,cases,0.26229508196721313
2020-03-25,District of Columbia,11,3,1,3,deaths,0.5
2020-03-25,Florida,12,10,498,1965,cases,0.3394683026584867
2020-03-25,Florida,12,10,4,23,deaths,0.21052631578947367
2020-03-25,Georgia,13,9,290,1387,cases,0.2643573381950775
2020-03-25,Georgia,13,9,9,47,deaths,0.23684210526315788
2020-03-25,Idaho,16,0,50,123,cases,0.684931506849315
2020-03-25,Idaho,16,0,0,0,deaths,
2020-03-25,Illinois,17,9,340,1875,cases,0.22149837133550487
2020-03-25,Illinois,17,9,5,21,deaths,0.3125
2020-03-25,Indiana,18,4,113,479,cases,0.3087431693989071
2020-03-25,Indiana,18,4,2,14,deaths,0.16666666666666666
2020-03-25,Iowa,19,2,21,145,cases,0.1693548387096774
2020-03-25,Iowa,19,2,0,1,deaths,0.0
2020-03-25,Kansas,20,0,33,132,cases,0.3333333333333333
2020-03-25,Kansas,20,0,0,3,deaths,0.0
2020-03-25,Kentucky,21,3,41,198,cases,0.2611464968152866
2020-03-25,Kentucky,21,3,2,5,deaths,0.6666666666666666
2020-03-25,Louisiana,22,10,407,1795,cases,0.29322766570605185
2020-03-25,Louisiana,22,10,19,65,deaths,0.41304347826086957
2020-03-25,Maine,23,2,24,142,cases,0.2033898305084746
2020-03-25,Maine,23,2,0,0,deaths,
2020-03-25,Maryland,24,6,74,423,cases,0.21203438395415472
2020-03-25,Maryland,24,6,0,4,deaths,0.0
2020-03-25,Massachusetts,25,13,679,1838,cases,0.5858498705780846
2020-03-25,Massachusetts,25,13,4,15,deaths,0.36363636363636365
2020-03-25,Michigan,26,6,503,2294,cases,0.28084868788386375
2020-03-25,Michigan,26,6,19,43,deaths,0.7916666666666666
2020-03-25,Minnesota,27,5,25,287,cases,0.09541984732824428
2020-03-25,Minnesota,27,5,0,1,deaths,0.0
2020-03-25,Mississippi,28,4,57,377,cases,0.178125
2020-03-25,Mississippi,28,4,4,5,deaths,4.0
2020-03-25,Missouri,29,3,122,377,cases,0.47843137254901963
2020-03-25,Missouri,29,3,3,8,deaths,0.6
2020-03-25,Nevada,32,5,90,405,cases,0.2857142857142857
2020-03-25,Nevada,32,5,4,10,deaths,0.6666666666666666
2020-03-25,New Hampshire,33,2,29,137,cases,0.26851851851851855
2020-03-25,New Hampshire,33,2,0,1,deaths,0.0
2020-03-25,New Jersey,34,9,727,4402,cases,0.19782312925170067
2020-03-25,New Jersey,34,9,18,62,deaths,0.4090909090909091
2020-03-25,New Mexico,35,1,12,112,cases,0.12
2020-03-25,New Mexico,35,1,1,1,deaths,
2020-03-25,New York,36,17,7401,33066,cases,0.2883693746347165
2020-03-25,New York,36,17,107,325,deaths,0.4908256880733945
2020-03-25,North Carolina,37,6,164,563,cases,0.41102756892230574
2020-03-25,North Carolina,37,6,1,1,deaths,
2020-03-25,Ohio,39,6,142,706,cases,0.25177304964539005
2020-03-25,Ohio,39,6,3,11,deaths,0.375
2020-03-25,Oklahoma,40,1,58,164,cases,0.5471698113207547
2020-03-25,Oklahoma,40,1,2,5,deaths,0.6666666666666666
2020-03-25,Oregon,41,5,57,266,cases,0.2727272727272727
2020-03-25,Oregon,41,5,2,10,deaths,0.25
2020-03-25,Pennsylvania,42,8,300,1151,cases,0.3525264394829612
2020-03-25,Pennsylvania,42,8,4,11,deaths,0.5714285714285714
2020-03-25,Rhode Island,44,2,8,132,cases,0.06451612903225806
2020-03-25,Rhode Island,44,2,0,0,deaths,
2020-03-25,South Carolina,45,5,82,424,cases,0.23976608187134502
2020-03-25,South Carolina,45,5,0,7,deaths,0.0
2020-03-25,Tennessee,47,6,105,784,cases,0.15463917525773196
2020-03-25,Tennessee,47,6,1,3,deaths,0.5
2020-03-25,Texas,48,8,262,1119,cases,0.3057176196032672
2020-03-25,Texas,48,8,1,12,deaths,0.09090909090909091
2020-03-25,Utah,49,5,48,346,cases,0.1610738255033557
2020-03-25,Utah,49,5,0,1,deaths,0.0
2020-03-25,Vermont,50,0,28,123,cases,0.29473684210526313
2020-03-25,Vermont,50,0,1,8,deaths,0.14285714285714285
2020-03-25,Virginia,51,5,101,391,cases,0.3482758620689655
2020-03-25,Virginia,51,5,2,9,deaths,0.2857142857142857
2020-03-25,Washington,53,18,116,2585,cases,0.04698258404212231
2020-03-25,Washington,53,18,7,130,deaths,0.056910569105691054
2020-03-25,Wisconsin,55,7,142,623,cases,0.29521829521829523
2020-03-25,Wisconsin,55,7,2,7,deaths,0.4
2020-03-26,Alabama,1,6,152,538,cases,0.39378238341968913
2020-03-26,Alabama,1,6,2,3,deaths,2.0
2020-03-26,Arizona,4,5,106,508,cases,0.263681592039801
2020-03-26,Arizona,4,5,2,8,deaths,0.3333333333333333
2020-03-26,Arkansas,5,6,43,351,cases,0.1396103896103896
2020-03-26,Arkansas,5,6,1,3,deaths,0.5
2020-03-26,California,6,19,877,4060,cases,0.275526233113415
2020-03-26,California,6,19,15,82,deaths,0.22388059701492538
2020-03-26,Colorado,8,12,346,1432,cases,0.31860036832412525
2020-03-26,Colorado,8,12,5,24,deaths,0.2631578947368421
2020-03-26,Connecticut,9,7,137,1012,cases,0.15657142857142858
2020-03-26,Connecticut,9,7,2,21,deaths,0.10526315789473684
2020-03-26,Delaware,10,2,24,143,cases,0.20168067226890757
2020-03-26,Delaware,10,2,1,1,deaths,
2020-03-26,District of Columbia,11,4,36,267,cases,0.15584415584415584
2020-03-26,District of Columbia,11,4,0,3,deaths,0.0
2020-03-26,Florida,12,11,512,2477,cases,0.26055979643765903
2020-03-26,Florida,12,11,6,29,deaths,0.2608695652173913
2020-03-26,Georgia,13,10,256,1643,cases,0.18457101658255226
2020-03-26,Georgia,13,10,9,56,deaths,0.19148936170212766
2020-03-26,Hawaii,15,0,11,106,cases,0.11578947368421053
2020-03-26,Hawaii,15,0,0,0,deaths,
2020-03-26,Idaho,16,1,66,189,cases,0.5365853658536586
2020-03-26,Idaho,16,1,3,3,deaths,
2020-03-26,Illinois,17,10,663,2538,cases,0.3536
2020-03-26,Illinois,17,10,5,26,deaths,0.23809523809523808
2020-03-26,Indiana,18,5,177,656,cases,0.3695198329853862
2020-03-26,Indiana,18,5,4,18,deaths,0.2857142857142857
2020-03-26,Iowa,19,3,34,179,cases,0.23448275862068965
2020-03-26,Iowa,19,3,0,1,deaths,0.0
2020-03-26,Kansas,20,1,39,171,cases,0.29545454545454547
2020-03-26,Kansas,20,1,0,3,deaths,0.0
2020-03-26,Kentucky,21,4,50,248,cases,0.25252525252525254
2020-03-26,Kentucky,21,4,0,5,deaths,0.0
2020-03-26,Louisiana,22,11,510,2305,cases,0.2841225626740947
2020-03-26,Louisiana,22,11,18,83,deaths,0.27692307692307694
2020-03-26,Maine,23,3,13,155,cases,0.09154929577464789
2020-03-26,Maine,23,3,0,0,deaths,
2020-03-26,Maryland,24,7,158,581,cases,0.3735224586288416
2020-03-26,Maryland,24,7,0,4,deaths,0.0
2020-03-26,Massachusetts,25,14,579,2417,cases,0.3150163220892274
2020-03-26,Massachusetts,25,14,10,25,deaths,0.6666666666666666
2020-03-26,Michigan,26,7,584,2878,cases,0.25457715780296425
2020-03-26,Michigan,26,7,20,63,deaths,0.46511627906976744
2020-03-26,Minnesota,27,6,59,346,cases,0.20557491289198607
2020-03-26,Minnesota,27,6,1,2,deaths,1.0
2020-03-26,Mississippi,28,5,110,487,cases,0.2917771883289125
2020-03-26,Mississippi,28,5,1,6,deaths,0.2
2020-03-26,Missouri,29,4,130,507,cases,0.3448275862068966
2020-03-26,Missouri,29,4,0,8,deaths,0.0
2020-03-26,Nevada,32,6,130,535,cases,0.32098765432098764
2020-03-26,Nevada,32,6,0,10,deaths,0.0
2020-03-26,New Hampshire,33,3,21,158,cases,0.15328467153284672
2020-03-26,New Hampshire,33,3,0,1,deaths,0.0
2020-03-26,New Jersey,34,10,2474,6876,cases,0.5620172648796001
2020-03-26,New Jersey,34,10,19,81,deaths,0.3064516129032258
2020-03-26,New Mexico,35,2,24,136,cases,0.21428571428571427
2020-03-26,New Mexico,35,2,0,1,deaths,0.0
2020-03-26,New York,36,18,5921,38987,cases,0.17906611020383476
2020-03-26,New York,36,18,107,432,deaths,0.3292307692307692
2020-03-26,North Carolina,37,7,75,638,cases,0.13321492007104796
2020-03-26,North Carolina,37,7,1,2,deaths,1.0
2020-03-26,Ohio,39,7,161,867,cases,0.22804532577903683
2020-03-26,Ohio,39,7,4,15,deaths,0.36363636363636365
2020-03-26,Oklahoma,40,2,84,248,cases,0.5121951219512195
2020-03-26,Oklahoma,40,2,2,7,deaths,0.4
2020-03-26,Oregon,41,6,50,316,cases,0.18796992481203006
2020-03-26,Oregon,41,6,1,11,deaths,0.1
2020-03-26,Pennsylvania,42,9,539,1690,cases,0.46828844483058213
2020-03-26,Pennsylvania,42,9,5,16,deaths,0.45454545454545453
2020-03-26,Rhode Island,44,3,33,165,cases,0.25
2020-03-26,Rhode Island,44,3,0,0,deaths,
2020-03-26,South Carolina,45,6,32,456,cases,0.07547169811320754
2020-03-26,South Carolina,45,6,2,9,deaths,0.2857142857142857
2020-03-26,Tennessee,47,7,197,981,cases,0.2512755102040816
2020-03-26,Tennessee,47,7,0,3,deaths,0.0
2020-03-26,Texas,48,9,424,1543,cases,0.37890974084003576
2020-03-26,Texas,48,9,9,21,deaths,0.75
2020-03-26,Utah,49,6,56,402,cases,0.16184971098265896
2020-03-26,Utah,49,6,0,1,deaths,0.0
2020-03-26,Vermont,50,1,35,158,cases,0.2845528455284553
2020-03-26,Vermont,50,1,1,9,deaths,0.125
2020-03-26,Virginia,51,6,213,604,cases,0.5447570332480819
2020-03-26,Virginia,51,6,5,14,deaths,0.5555555555555556
2020-03-26,Washington,53,19,623,3208,cases,0.24100580270793037
2020-03-26,Washington,53,19,21,151,deaths,0.16153846153846155
2020-03-26,Wisconsin,55,8,131,754,cases,0.2102728731942215
2020-03-26,Wisconsin,55,8,3,10,deaths,0.42857142857142855
2020-03-27,Alabama,1,7,101,639,cases,0.18773234200743494
2020-03-27,Alabama,1,7,1,4,deaths,0.3333333333333333
2020-03-27,Arizona,4,6,157,665,cases,0.3090551181102362
2020-03-27,Arizona,4,6,7,15,deaths,0.875
2020-03-27,Arkansas,5,7,35,386,cases,0.09971509971509972
2020-03-27,Arkansas,5,7,0,3,deaths,0.0
2020-03-27,California,6,20,854,4914,cases,0.2103448275862069
2020-03-27,California,6,20,20,102,deaths,0.24390243902439024
2020-03-27,Colorado,8,13,303,1735,cases,0.2115921787709497
2020-03-27,Colorado,8,13,7,31,deaths,0.2916666666666667
2020-03-27,Connecticut,9,8,279,1291,cases,0.2756916996047431
2020-03-27,Connecticut,9,8,6,27,deaths,0.2857142857142857
2020-03-27,Delaware,10,3,22,165,cases,0.15384615384615385
2020-03-27,Delaware,10,3,1,2,deaths,1.0
2020-03-27,District of Columbia,11,5,37,304,cases,0.13857677902621723
2020-03-27,District of Columbia,11,5,1,4,deaths,0.3333333333333333
2020-03-27,Florida,12,12,721,3198,cases,0.2910779168348809
2020-03-27,Florida,12,12,17,46,deaths,0.5862068965517241
2020-03-27,Georgia,13,11,555,2198,cases,0.3377967133292757
2020-03-27,Georgia,13,11,8,64,deaths,0.14285714285714285
2020-03-27,Hawaii,15,1,14,120,cases,0.1320754716981132
2020-03-27,Hawaii,15,1,0,0,deaths,
2020-03-27,Idaho,16,2,42,231,cases,0.2222222222222222
2020-03-27,Idaho,16,2,1,4,deaths,0.3333333333333333
2020-03-27,Illinois,17,11,491,3029,cases,0.19345941686367218
2020-03-27,Illinois,17,11,11,37,deaths,0.4230769230769231
2020-03-27,Indiana,18,6,326,982,cases,0.4969512195121951
2020-03-27,Indiana,18,6,8,26,deaths,0.4444444444444444
2020-03-27,Iowa,19,4,56,235,cases,0.3128491620111732
2020-03-27,Iowa,19,4,2,3,deaths,2.0
2020-03-27,Kansas,20,2,41,212,cases,0.23976608187134502
2020-03-27,Kansas,20,2,1,4,deaths,0.3333333333333333
2020-03-27,Kentucky,21,5,54,302,cases,0.21774193548387097
2020-03-27,Kentucky,21,5,3,8,deaths,0.6
2020-03-27,Louisiana,22,12,441,2746,cases,0.1913232104121475
2020-03-27,Louisiana,22,12,36,119,deaths,0.43373493975903615
2020-03-27,Maine,23,4,13,168,cases,0.08387096774193549
2020-03-27,Maine,23,4,1,1,deaths,
2020-03-27,Maryland,24,8,194,775,cases,0.33390705679862304
2020-03-27,Maryland,24,8,1,5,deaths,0.25
2020-03-27,Massachusetts,25,15,823,3240,cases,0.3405047579644187
2020-03-27,Massachusetts,25,15,10,35,deaths,0.4
2020-03-27,Michigan,26,8,779,3657,cases,0.27067407922168174
2020-03-27,Michigan,26,8,30,93,deaths,0.47619047619047616
2020-03-27,Minnesota,27,7,52,398,cases,0.15028901734104047
2020-03-27,Minnesota,27,7,2,4,deaths,1.0
2020-03-27,Mississippi,28,6,92,579,cases,0.188911704312115
2020-03-27,Mississippi,28,6,2,8,deaths,0.3333333333333333
2020-03-27,Missouri,29,5,164,671,cases,0.3234714003944773
2020-03-27,Missouri,29,5,1,9,deaths,0.125
2020-03-27,Montana,30,0,31,121,cases,0.34444444444444444
2020-03-27,Montana,30,0,1,1,deaths,
2020-03-27,Nebraska,31,0,8,100,cases,0.08695652173913043
2020-03-27,Nebraska,31,0,2,2,deaths,
2020-03-27,Nevada,32,7,86,621,cases,0.16074766355140188
2020-03-27,Nevada,32,7,0,10,deaths,0.0
2020-03-27,New Hampshire,33,4,29,187,cases,0.18354430379746836
2020-03-27,New Hampshire,33,4,1,2,deaths,1.0
2020-03-27,New Jersey,34,11,1949,8825,cases,0.2834496800465387
2020-03-27,New Jersey,34,11,27,108,deaths,0.3333333333333333
2020-03-27,New Mexico,35,3,55,191,cases,0.40441176470588236
2020-03-27,New Mexico,35,3,0,1,deaths,0.0
2020-03-27,New York,36,19,5648,44635,cases,0.14486880242131991
2020-03-27,New York,36,19,103,535,deaths,0.23842592592592593
2020-03-27,North Carolina,37,8,145,783,cases,0.22727272727272727
2020-03-27,North Carolina,37,8,1,3,deaths,0.5
2020-03-27,Ohio,39,8,277,1144,cases,0.31949250288350634
2020-03-27,Ohio,39,8,7,22,deaths,0.4666666666666667
2020-03-27,Oklahoma,40,3,74,322,cases,0.29838709677419356
2020-03-27,Oklahoma,40,3,1,8,deaths,0.14285714285714285
2020-03-27,Oregon,41,7,98,414,cases,0.310126582278481
2020-03-27,Oregon,41,7,1,12,deaths,0.09090909090909091
2020-03-27,Pennsylvania,42,10,528,2218,cases,0.31242603550295855
2020-03-27,Pennsylvania,42,10,7,23,deaths,0.4375
2020-03-27,Rhode Island,44,4,38,203,cases,0.23030303030303031
2020-03-27,Rhode Island,44,4,0,0,deaths,
2020-03-27,South Carolina,45,7,83,539,cases,0.18201754385964913
2020-03-27,South Carolina,45,7,4,13,deaths,0.4444444444444444
2020-03-27,Tennessee,47,8,81,1062,cases,0.08256880733944955
2020-03-27,Tennessee,47,8,3,6,deaths,1.0
2020-03-27,Texas,48,10,399,1942,cases,0.25858716785482827
2020-03-27,Texas,48,10,2,23,deaths,0.09523809523809523
2020-03-27,Utah,49,7,78,480,cases,0.19402985074626866
2020-03-27,Utah,49,7,1,2,deaths,1.0
2020-03-27,Vermont,50,2,26,184,cases,0.16455696202531644
2020-03-27,Vermont,50,2,1,10,deaths,0.1111111111111111
2020-03-27,Virginia,51,7,2,606,cases,0.0033112582781456954
2020-03-27,Virginia,51,7,0,14,deaths,0.0
2020-03-27,Washington,53,20,562,3770,cases,0.17518703241895262
2020-03-27,Washington,53,20,26,177,deaths,0.17218543046357615
2020-03-27,Wisconsin,55,9,176,930,cases,0.23342175066312998
2020-03-27,Wisconsin,55,9,6,16,deaths,0.6
2020-03-28,Alabama,1,8,81,720,cases,0.1267605633802817
2020-03-28,Alabama,1,8,0,4,deaths,0.0
2020-03-28,Alaska,2,0,17,102,cases,0.2
2020-03-28,Alaska,2,0,0,1,deaths,0.0
2020-03-28,Arizona,4,7,108,773,cases,0.162406015037594
2020-03-28,Arizona,4,7,0,15,deaths,0.0
2020-03-28,Arkansas,5,8,23,409,cases,0.05958549222797927
2020-03-28,Arkansas,5,8,2,5,deaths,0.6666666666666666
2020-03-28,California,6,21,651,5565,cases,0.13247863247863248
2020-03-28,California,6,21,19,121,deaths,0.18627450980392157
2020-03-28,Colorado,8,14,326,2061,cases,0.18789625360230547
2020-03-28,Colorado,8,14,13,44,deaths,0.41935483870967744
2020-03-28,Connecticut,9,9,233,1524,cases,0.18048024786986833
2020-03-28,Connecticut,9,9,6,33,deaths,0.2222222222222222
2020-03-28,Delaware,10,4,49,214,cases,0.296969696969697
2020-03-28,Delaware,10,4,3,5,deaths,1.5
2020-03-28,District of Columbia,11,6,38,342,cases,0.125
2020-03-28,District of Columbia,11,6,0,4,deaths,0.0
2020-03-28,Florida,12,13,840,4038,cases,0.2626641651031895
2020-03-28,Florida,12,13,10,56,deaths,0.21739130434782608
2020-03-28,Georgia,13,12,249,2447,cases,0.11328480436760692
2020-03-28,Georgia,13,12,15,79,deaths,0.234375
2020-03-28,Hawaii,15,2,31,151,cases,0.25833333333333336
2020-03-28,Hawaii,15,2,0,0,deaths,
2020-03-28,Idaho,16,3,30,261,cases,0.12987012987012986
2020-03-28,Idaho,16,3,1,5,deaths,0.25
2020-03-28,Illinois,17,12,518,3547,cases,0.17101353582040277
2020-03-28,Illinois,17,12,13,50,deaths,0.35135135135135137
2020-03-28,Indiana,18,7,250,1232,cases,0.2545824847250509
2020-03-28,Indiana,18,7,5,31,deaths,0.19230769230769232
2020-03-28,Iowa,19,5,63,298,cases,0.2680851063829787
2020-03-28,Iowa,19,5,0,3,deaths,0.0
2020-03-28,Kansas,20,3,59,271,cases,0.2783018867924528
2020-03-28,Kansas,20,3,2,6,deaths,0.5
2020-03-28,Kentucky,21,6,92,394,cases,0.304635761589404
2020-03-28,Kentucky,21,6,1,9,deaths,0.125
2020-03-28,Louisiana,22,13,569,3315,cases,0.20721048798252004
2020-03-28,Louisiana,22,13,18,137,deaths,0.15126050420168066
2020-03-28,Maine,23,5,43,211,cases,0.25595238095238093
2020-03-28,Maine,23,5,0,1,deaths,0.0
2020-03-28,Maryland,24,9,291,1066,cases,0.37548387096774194
2020-03-28,Maryland,24,9,5,10,deaths,1.0
2020-03-28,Massachusetts,25,16,1017,4257,cases,0.3138888888888889
2020-03-28,Massachusetts,25,16,9,44,deaths,0.2571428571428571
2020-03-28,Michigan,26,9,978,4635,cases,0.2674323215750615
2020-03-28,Michigan,26,9,18,111,deaths,0.1935483870967742
2020-03-28,Minnesota,27,8,43,441,cases,0.10804020100502512
2020-03-28,Minnesota,27,8,1,5,deaths,0.25
2020-03-28,Mississippi,28,7,90,669,cases,0.15544041450777202
2020-03-28,Mississippi,28,7,5,13,deaths,0.625
2020-03-28,Missouri,29,6,167,838,cases,0.2488822652757079
2020-03-28,Missouri,29,6,1,10,deaths,0.1111111111111111
2020-03-28,Montana,30,1,26,147,cases,0.21487603305785125
2020-03-28,Montana,30,1,0,1,deaths,0.0
2020-03-28,Nebraska,31,1,22,122,cases,0.22
2020-03-28,Nebraska,31,1,0,2,deaths,0.0
2020-03-28,Nevada,32,8,117,738,cases,0.18840579710144928
2020-03-28,Nevada,32,8,4,14,deaths,0.4
2020-03-28,New Hampshire,33,5,27,214,cases,0.1443850267379679
2020-03-28,New Hampshire,33,5,0,2,deaths,0.0
2020-03-28,New Jersey,34,12,2299,11124,cases,0.2605099150141643
2020-03-28,New Jersey,34,12,32,140,deaths,0.2962962962962963
2020-03-28,New Mexico,35,4,17,208,cases,0.08900523560209424
2020-03-28,New Mexico,35,4,1,2,deaths,1.0
2020-03-28,New York,36,20,8728,53363,cases,0.19554161532429706
2020-03-28,New York,36,20,247,782,deaths,0.4616822429906542
2020-03-28,North Carolina,37,9,189,972,cases,0.2413793103448276
2020-03-28,North Carolina,37,9,1,4,deaths,0.3333333333333333
2020-03-28,Ohio,39,9,262,1406,cases,0.229020979020979
2020-03-28,Ohio,39,9,3,25,deaths,0.13636363636363635
2020-03-28,Oklahoma,40,4,55,377,cases,0.17080745341614906
2020-03-28,Oklahoma,40,4,7,15,deaths,0.875
2020-03-28,Oregon,41,8,65,479,cases,0.1570048309178744
2020-03-28,Oregon,41,8,1,13,deaths,0.08333333333333333
2020-03-28,Pennsylvania,42,11,597,2815,cases,0.26916140667267807
2020-03-28,Pennsylvania,42,11,12,35,deaths,0.5217391304347826
2020-03-28,Puerto Rico,72,0,21,100,cases,0.26582278481012656
2020-03-28,Puerto Rico,72,0,0,3,deaths,0.0
2020-03-28,Rhode Island,44,5,36,239,cases,0.17733990147783252
2020-03-28,Rhode Island,44,5,2,2,deaths,
2020-03-28,South Carolina,45,8,121,660,cases,0.22448979591836735
2020-03-28,South Carolina,45,8,2,15,deaths,0.15384615384615385
2020-03-28,Tennessee,47,9,311,1373,cases,0.2928436911487759
2020-03-28,Tennessee,47,9,0,6,deaths,0.0
2020-03-28,Texas,48,11,219,2161,cases,0.11277033985581875
2020-03-28,Texas,48,11,6,29,deaths,0.2608695652173913
2020-03-28,Utah,49,8,128,608,cases,0.26666666666666666
2020-03-28,Utah,49,8,0,2,deaths,0.0
2020-03-28,Vermont,50,3,27,211,cases,0.14673913043478262
2020-03-28,Vermont,50,3,2,12,deaths,0.2
2020-03-28,Virginia,51,8,134,740,cases,0.22112211221122113
2020-03-28,Virginia,51,8,3,17,deaths,0.21428571428571427
2020-03-28,Washington,53,21,541,4311,cases,0.14350132625994694
2020-03-28,Washington,53,21,14,191,deaths,0.07909604519774012
2020-03-28,West Virginia,54,0,17,113,cases,0.17708333333333334
2020-03-28,West Virginia,54,0,0,0,deaths,
2020-03-28,Wisconsin,55,10,112,1042,cases,0.12043010752688173
2020-03-28,Wisconsin,55,10,1,17,deaths,0.0625
2020-03-29,Alabama,1,9,110,830,cases,0.1527777777777778
2020-03-29,Alabama,1,9,1,5,deaths,0.25
2020-03-29,Alaska,2,1,12,114,cases,0.11764705882352941
2020-03-29,Alaska,2,1,0,1,deaths,0.0
2020-03-29,Arizona,4,8,156,929,cases,0.2018111254851229
2020-03-29,Arizona,4,8,3,18,deaths,0.2
2020-03-29,Arkansas,5,9,40,449,cases,0.097799511002445
2020-03-29,Arkansas,5,9,1,6,deaths,0.2
2020-03-29,California,6,22,701,6266,cases,0.12596585804132973
2020-03-29,California,6,22,9,130,deaths,0.0743801652892562
2020-03-29,Colorado,8,15,254,2315,cases,0.12324114507520621
2020-03-29,Colorado,8,15,3,47,deaths,0.06818181818181818
2020-03-29,Connecticut,9,10,469,1993,cases,0.307742782152231
2020-03-29,Connecticut,9,10,1,34,deaths,0.030303030303030304
2020-03-29,Delaware,10,5,18,232,cases,0.08411214953271028
2020-03-29,Delaware,10,5,1,6,deaths,0.2
2020-03-29,District of Columbia,11,7,0,342,cases,0.0
2020-03-29,District of Columbia,11,7,0,4,deaths,0.0
2020-03-29,Florida,12,14,904,4942,cases,0.22387320455671125
2020-03-29,Florida,12,14,3,59,deaths,0.05357142857142857
2020-03-29,Georgia,13,13,236,2683,cases,0.09644462607274214
2020-03-29,Georgia,13,13,4,83,deaths,0.05063291139240506
2020-03-29,Hawaii,15,3,24,175,cases,0.15894039735099338
2020-03-29,Hawaii,15,3,0,0,deaths,
2020-03-29,Idaho,16,4,49,310,cases,0.18773946360153257
2020-03-29,Idaho,16,4,1,6,deaths,0.2
2020-03-29,Illinois,17,13,1066,4613,cases,0.3005356639413589
2020-03-29,Illinois,17,13,20,70,deaths,0.4
2020-03-29,Indiana,18,8,282,1514,cases,0.2288961038961039
2020-03-29,Indiana,18,8,1,32,deaths,0.03225806451612903
2020-03-29,Iowa,19,6,38,336,cases,0.12751677852348994
2020-03-29,Iowa,19,6,1,4,deaths,0.3333333333333333
2020-03-29,Kansas,20,4,61,332,cases,0.22509225092250923
2020-03-29,Kansas,20,4,1,7,deaths,0.16666666666666666
2020-03-29,Kentucky,21,7,45,439,cases,0.11421319796954314
2020-03-29,Kentucky,21,7,0,9,deaths,0.0
2020-03-29,Louisiana,22,14,225,3540,cases,0.06787330316742081
2020-03-29,Louisiana,22,14,15,152,deaths,0.10948905109489052
2020-03-29,Maine,23,6,42,253,cases,0.1990521327014218
2020-03-29,Maine,23,6,2,3,deaths,2.0
2020-03-29,Maryland,24,10,178,1244,cases,0.1669793621013133
2020-03-29,Maryland,24,10,1,11,deaths,0.1
2020-03-29,Massachusetts,25,17,698,4955,cases,0.1639652337326756
2020-03-29,Massachusetts,25,17,4,48,deaths,0.09090909090909091
2020-03-29,Michigan,26,10,851,5486,cases,0.18360302049622437
2020-03-29,Michigan,26,10,21,132,deaths,0.1891891891891892
2020-03-29,Minnesota,27,9,63,504,cases,0.14285714285714285
2020-03-29,Minnesota,27,9,4,9,deaths,0.8
2020-03-29,Mississippi,28,8,90,759,cases,0.13452914798206278
2020-03-29,Mississippi,28,8,1,14,deaths,0.07692307692307693
2020-03-29,Missouri,29,7,65,903,cases,0.07756563245823389
2020-03-29,Missouri,29,7,2,12,deaths,0.2
2020-03-29,Montana,30,2,14,161,cases,0.09523809523809523
2020-03-29,Montana,30,2,0,1,deaths,0.0
2020-03-29,Nebraska,31,2,15,137,cases,0.12295081967213115
2020-03-29,Nebraska,31,2,0,2,deaths,0.0
2020-03-29,Nevada,32,9,182,920,cases,0.24661246612466126
2020-03-29,Nevada,32,9,1,15,deaths,0.07142857142857142
2020-03-29,New Hampshire,33,6,44,258,cases,0.205607476635514
2020-03-29,New Hampshire,33,6,1,3,deaths,0.5
2020-03-29,New Jersey,34,13,2262,13386,cases,0.20334412081984898
2020-03-29,New Jersey,34,13,21,161,deaths,0.15
2020-03-29,New Mexico,35,5,29,237,cases,0.13942307692307693
2020-03-29,New Mexico,35,5,0,2,deaths,0.0
2020-03-29,New York,36,21,6205,59568,cases,0.11627906976744186
2020-03-29,New York,36,21,183,965,deaths,0.2340153452685422
2020-03-29,North Carolina,37,10,195,1167,cases,0.2006172839506173
2020-03-29,North Carolina,37,10,2,6,deaths,0.5
2020-03-29,Ohio,39,10,259,1665,cases,0.18421052631578946
2020-03-29,Ohio,39,10,5,30,deaths,0.2
2020-03-29,Oklahoma,40,5,52,429,cases,0.13793103448275862
2020-03-29,Oklahoma,40,5,1,16,deaths,0.06666666666666667
2020-03-29,Oregon,41,9,69,548,cases,0.1440501043841336
2020-03-29,Oregon,41,9,0,13,deaths,0.0
2020-03-29,Pennsylvania,42,12,626,3441,cases,0.22238010657193605
2020-03-29,Pennsylvania,42,12,5,40,deaths,0.14285714285714285
2020-03-29,Puerto Rico,72,1,27,127,cases,0.27
2020-03-29,Puerto Rico,72,1,2,5,deaths,0.6666666666666666
2020-03-29,Rhode Island,44,6,55,294,cases,0.2301255230125523
2020-03-29,Rhode Island,44,6,1,3,deaths,0.5
2020-03-29,South Carolina,45,9,114,774,cases,0.17272727272727273
2020-03-29,South Carolina,45,9,1,16,deaths,0.06666666666666667
2020-03-29,Tennessee,47,10,164,1537,cases,0.11944646758922069
2020-03-29,Tennessee,47,10,1,7,deaths,0.16666666666666666
2020-03-29,Texas,48,12,551,2712,cases,0.25497454881999077
2020-03-29,Texas,48,12,6,35,deaths,0.20689655172413793
2020-03-29,Utah,49,9,111,719,cases,0.1825657894736842
2020-03-29,Utah,49,9,0,2,deaths,0.0
2020-03-29,Vermont,50,4,24,235,cases,0.11374407582938388
2020-03-29,Vermont,50,4,0,12,deaths,0.0
2020-03-29,Virginia,51,9,150,890,cases,0.20270270270270271
2020-03-29,Virginia,51,9,5,22,deaths,0.29411764705882354
2020-03-29,Washington,53,22,585,4896,cases,0.13569937369519833
2020-03-29,Washington,53,22,16,207,deaths,0.08376963350785341
2020-03-29,West Virginia,54,1,11,124,cases,0.09734513274336283
2020-03-29,West Virginia,54,1,1,1,deaths,
2020-03-29,Wisconsin,55,11,78,1120,cases,0.07485604606525911
2020-03-29,Wisconsin,55,11,0,17,deaths,0.0
2020-03-30,Alabama,1,10,117,947,cases,0.14096385542168674
2020-03-30,Alabama,1,10,6,11,deaths,1.2
2020-03-30,Alaska,2,2,5,119,cases,0.043859649122807015
2020-03-30,Alaska,2,2,1,2,deaths,1.0
2020-03-30,Arizona,4,9,240,1169,cases,0.25834230355220666
2020-03-30,Arizona,4,9,2,20,deaths,0.1111111111111111
2020-03-30,Arkansas,5,10,59,508,cases,0.13140311804008908
2020-03-30,Arkansas,5,10,1,7,deaths,0.16666666666666666
2020-03-30,California,6,23,1155,7421,cases,0.18432812001276733
2020-03-30,California,6,23,16,146,deaths,0.12307692307692308
2020-03-30,Colorado,8,16,313,2628,cases,0.13520518358531317
2020-03-30,Colorado,8,16,4,51,deaths,0.0851063829787234
2020-03-30,Connecticut,9,11,578,2571,cases,0.29001505268439537
2020-03-30,Connecticut,9,11,2,36,deaths,0.058823529411764705
2020-03-30,Delaware,10,6,32,264,cases,0.13793103448275862
2020-03-30,Delaware,10,6,1,7,deaths,0.16666666666666666
2020-03-30,District of Columbia,11,8,153,495,cases,0.4473684210526316
2020-03-30,District of Columbia,11,8,5,9,deaths,1.25
2020-03-30,Florida,12,15,752,5694,cases,0.15216511533791988
2020-03-30,Florida,12,15,12,71,deaths,0.2033898305084746
2020-03-30,Georgia,13,14,349,3032,cases,0.1300782705926202
2020-03-30,Georgia,13,14,19,102,deaths,0.2289156626506024
2020-03-30,Hawaii,15,4,29,204,cases,0.1657142857142857
2020-03-30,Hawaii,15,4,0,0,deaths,
2020-03-30,Idaho,16,5,105,415,cases,0.3387096774193548
2020-03-30,Idaho,16,5,1,7,deaths,0.16666666666666666
2020-03-30,Illinois,17,14,457,5070,cases,0.09906785172339042
2020-03-30,Illinois,17,14,14,84,deaths,0.2
2020-03-30,Indiana,18,9,274,1788,cases,0.1809775429326288
2020-03-30,Indiana,18,9,3,35,deaths,0.09375
2020-03-30,Iowa,19,7,88,424,cases,0.2619047619047619
2020-03-30,Iowa,19,7,2,6,deaths,0.5
2020-03-30,Kansas,20,5,41,373,cases,0.12349397590361445
2020-03-30,Kansas,20,5,2,9,deaths,0.2857142857142857
2020-03-30,Kentucky,21,8,41,480,cases,0.09339407744874716
2020-03-30,Kentucky,21,8,2,11,deaths,0.2222222222222222
2020-03-30,Louisiana,22,15,485,4025,cases,0.1370056497175141
2020-03-30,Louisiana,22,15,34,186,deaths,0.2236842105263158
2020-03-30,Maine,23,7,22,275,cases,0.08695652173913043
2020-03-30,Maine,23,7,0,3,deaths,0.0
2020-03-30,Maryland,24,11,170,1414,cases,0.13665594855305466
2020-03-30,Maryland,24,11,4,15,deaths,0.36363636363636365
2020-03-30,Massachusetts,25,18,797,5752,cases,0.1608476286579213
2020-03-30,Massachusetts,25,18,13,61,deaths,0.2708333333333333
2020-03-30,Michigan,26,11,1022,6508,cases,0.1862923806051768
2020-03-30,Michigan,26,11,65,197,deaths,0.49242424242424243
2020-03-30,Minnesota,27,10,72,576,cases,0.14285714285714285
2020-03-30,Minnesota,27,10,1,10,deaths,0.1111111111111111
2020-03-30,Mississippi,28,9,89,848,cases,0.11725955204216074
2020-03-30,Mississippi,28,9,2,16,deaths,0.14285714285714285
2020-03-30,Missouri,29,8,147,1050,cases,0.16279069767441862
2020-03-30,Missouri,29,8,1,13,deaths,0.08333333333333333
2020-03-30,Montana,30,3,16,177,cases,0.09937888198757763
2020-03-30,Montana,30,3,3,4,deaths,3.0
2020-03-30,Nebraska,31,3,48,185,cases,0.35036496350364965
2020-03-30,Nebraska,31,3,1,3,deaths,0.5
2020-03-30,Nevada,32,10,124,1044,cases,0.13478260869565217
2020-03-30,Nevada,32,10,3,18,deaths,0.2
2020-03-30,New Hampshire,33,7,56,314,cases,0.21705426356589147
2020-03-30,New Hampshire,33,7,0,3,deaths,0.0
2020-03-30,New Jersey,34,14,3250,16636,cases,0.24279097564619753
2020-03-30,New Jersey,34,14,38,199,deaths,0.2360248447204969
2020-03-30,New Mexico,35,6,44,281,cases,0.18565400843881857
2020-03-30,New Mexico,35,6,2,4,deaths,1.0
2020-03-30,New York,36,22,7606,67174,cases,0.127686005909213
2020-03-30,New York,36,22,259,1224,deaths,0.2683937823834197
2020-03-30,North Carolina,37,11,137,1304,cases,0.11739502999143102
2020-03-30,North Carolina,37,11,0,6,deaths,0.0
2020-03-30,North Dakota,38,0,11,109,cases,0.11224489795918367
2020-03-30,North Dakota,38,0,2,3,deaths,2.0
2020-03-30,Ohio,39,11,268,1933,cases,0.16096096096096096
2020-03-30,Ohio,39,11,10,40,deaths,0.3333333333333333
2020-03-30,Oklahoma,40,6,52,481,cases,0.12121212121212122
2020-03-30,Oklahoma,40,6,1,17,deaths,0.0625
2020-03-30,Oregon,41,10,58,606,cases,0.10583941605839416
2020-03-30,Oregon,41,10,3,16,deaths,0.23076923076923078
2020-03-30,Pennsylvania,42,13,715,4156,cases,0.20778843359488522
2020-03-30,Pennsylvania,42,13,8,48,deaths,0.2
2020-03-30,Puerto Rico,72,2,47,174,cases,0.3700787401574803
2020-03-30,Puerto Rico,72,2,1,6,deaths,0.2
2020-03-30,Rhode Island,44,7,114,408,cases,0.3877551020408163
2020-03-30,Rhode Island,44,7,1,4,deaths,0.3333333333333333
2020-03-30,South Carolina,45,10,151,925,cases,0.19509043927648578
2020-03-30,South Carolina,45,10,2,18,deaths,0.125
2020-03-30,South Dakota,46,0,11,101,cases,0.12222222222222222
2020-03-30,South Dakota,46,0,0,1,deaths,0.0
2020-03-30,Tennessee,47,11,297,1834,cases,0.19323357189329862
2020-03-30,Tennessee,47,11,6,13,deaths,0.8571428571428571
2020-03-30,Texas,48,13,331,3043,cases,0.12205014749262537
2020-03-30,Texas,48,13,11,46,deaths,0.3142857142857143
2020-03-30,Utah,49,10,87,806,cases,0.12100139082058414
2020-03-30,Utah,49,10,2,4,deaths,1.0
2020-03-30,Vermont,50,5,21,256,cases,0.08936170212765958
2020-03-30,Vermont,50,5,0,12,deaths,0.0
2020-03-30,Virginia,51,10,131,1021,cases,0.14719101123595504
2020-03-30,Virginia,51,10,4,26,deaths,0.18181818181818182
2020-03-30,Washington,53,23,283,5179,cases,0.05780228758169935
2020-03-30,Washington,53,23,14,221,deaths,0.06763285024154589
2020-03-30,West Virginia,54,2,21,145,cases,0.1693548387096774
2020-03-30,West Virginia,54,2,0,1,deaths,0.0
2020-03-30,Wisconsin,55,12,147,1267,cases,0.13125
2020-03-30,Wisconsin,55,12,3,20,deaths,0.17647058823529413
2020-03-31,Alabama,1,11,52,999,cases,0.054910242872228086
2020-03-31,Alabama,1,11,2,13,deaths,0.18181818181818182
2020-03-31,Alaska,2,3,14,133,cases,0.11764705882352941
2020-03-31,Alaska,2,3,0,2,deaths,0.0
2020-03-31,Arizona,4,10,129,1298,cases,0.11035072711719418
2020-03-31,Arizona,4,10,4,24,deaths,0.2
2020-03-31,Arkansas,5,11,56,564,cases,0.11023622047244094
2020-03-31,Arkansas,5,11,1,8,deaths,0.14285714285714285
2020-03-31,California,6,24,1161,8582,cases,0.15644791807034092
2020-03-31,California,6,24,37,183,deaths,0.2534246575342466
2020-03-31,Colorado,8,17,362,2990,cases,0.13774733637747336
2020-03-31,Colorado,8,17,18,69,deaths,0.35294117647058826
2020-03-31,Connecticut,9,12,557,3128,cases,0.21664721898094128
2020-03-31,Connecticut,9,12,33,69,deaths,0.9166666666666666
2020-03-31,Delaware,10,7,55,319,cases,0.20833333333333334
2020-03-31,Delaware,10,7,3,10,deaths,0.42857142857142855
2020-03-31,District of Columbia,11,9,0,495,cases,0.0
2020-03-31,District of Columbia,11,9,0,9,deaths,0.0
2020-03-31,Florida,12,16,1047,6741,cases,0.1838777660695469
2020-03-31,Florida,12,16,14,85,deaths,0.19718309859154928
2020-03-31,Georgia,13,15,1085,4117,cases,0.35784960422163586
2020-03-31,Georgia,13,15,23,125,deaths,0.22549019607843138
2020-03-31,Guam,66,0,79,139,cases,1.3166666666666667
2020-03-31,Guam,66,0,1,2,deaths,1.0
2020-03-31,Hawaii,15,5,20,224,cases,0.09803921568627451
2020-03-31,Hawaii,15,5,1,1,deaths,
2020-03-31,Idaho,16,6,111,526,cases,0.2674698795180723
2020-03-31,Idaho,16,6,2,9,deaths,0.2857142857142857
2020-03-31,Illinois,17,15,924,5994,cases,0.18224852071005918
2020-03-31,Illinois,17,15,23,107,deaths,0.27380952380952384
2020-03-31,Indiana,18,10,371,2159,cases,0.20749440715883669
2020-03-31,Indiana,18,10,15,50,deaths,0.42857142857142855
2020-03-31,Iowa,19,8,74,498,cases,0.17452830188679244
2020-03-31,Iowa,19,8,1,7,deaths,0.16666666666666666
2020-03-31,Kansas,20,6,61,434,cases,0.16353887399463807
2020-03-31,Kansas,20,6,1,10,deaths,0.1111111111111111
2020-03-31,Kentucky,21,9,110,590,cases,0.22916666666666666
2020-03-31,Kentucky,21,9,7,18,deaths,0.6363636363636364
2020-03-31,Louisiana,22,16,1212,5237,cases,0.30111801242236025
2020-03-31,Louisiana,22,16,54,240,deaths,0.2903225806451613
2020-03-31,Maine,23,8,28,303,cases,0.10181818181818182
2020-03-31,Maine,23,8,2,5,deaths,0.6666666666666666
2020-03-31,Maryland,24,12,248,1662,cases,0.1753889674681754
2020-03-31,Maryland,24,12,3,18,deaths,0.2
2020-03-31,Massachusetts,25,19,868,6620,cases,0.15090403337969402
2020-03-31,Massachusetts,25,19,28,89,deaths,0.45901639344262296
2020-03-31,Michigan,26,12,1122,7630,cases,0.17240319606637983
2020-03-31,Michigan,26,12,67,264,deaths,0.3401015228426396
2020-03-31,Minnesota,27,11,53,629,cases,0.0920138888888889
2020-03-31,Minnesota,27,11,2,12,deaths,0.2
2020-03-31,Mississippi,28,10,89,937,cases,0.10495283018867925
2020-03-31,Mississippi,28,10,4,20,deaths,0.25
2020-03-31,Missouri,29,9,301,1351,cases,0.2866666666666667
2020-03-31,Missouri,29,9,2,15,deaths,0.15384615384615385
2020-03-31,Montana,30,4,21,198,cases,0.11864406779661017
2020-03-31,Montana,30,4,1,5,deaths,0.25
2020-03-31,Nebraska,31,4,8,193,cases,0.043243243243243246
2020-03-31,Nebraska,31,4,1,4,deaths,0.3333333333333333
2020-03-31,Nevada,32,11,69,1113,cases,0.06609195402298851
2020-03-31,Nevada,32,11,8,26,deaths,0.4444444444444444
2020-03-31,New Hampshire,33,8,53,367,cases,0.16878980891719744
2020-03-31,New Hampshire,33,8,0,3,deaths,0.0
2020-03-31,New Jersey,34,15,2060,18696,cases,0.12382784323154604
2020-03-31,New Jersey,34,15,68,267,deaths,0.3417085427135678
2020-03-31,New Mexico,35,7,34,315,cases,0.12099644128113879
2020-03-31,New Mexico,35,7,0,4,deaths,0.0
2020-03-31,New York,36,23,8658,75832,cases,0.1288891535415488
2020-03-31,New York,36,23,326,1550,deaths,0.26633986928104575
2020-03-31,North Carolina,37,12,224,1528,cases,0.17177914110429449
2020-03-31,North Carolina,37,12,4,10,deaths,0.6666666666666666
2020-03-31,North Dakota,38,1,17,126,cases,0.1559633027522936
2020-03-31,North Dakota,38,1,0,3,deaths,0.0
2020-03-31,Ohio,39,12,266,2199,cases,0.13760993274702535
2020-03-31,Ohio,39,12,15,55,deaths,0.375
2020-03-31,Oklahoma,40,7,85,566,cases,0.17671517671517672
2020-03-31,Oklahoma,40,7,6,23,deaths,0.35294117647058826
2020-03-31,Oregon,41,11,84,690,cases,0.13861386138613863
2020-03-31,Oregon,41,11,2,18,deaths,0.125
2020-03-31,Pennsylvania,42,14,841,4997,cases,0.2023580365736285
2020-03-31,Pennsylvania,42,14,24,72,deaths,0.5
2020-03-31,Puerto Rico,72,3,65,239,cases,0.3735632183908046
2020-03-31,Puerto Rico,72,3,2,8,deaths,0.3333333333333333
2020-03-31,Rhode Island,44,8,80,488,cases,0.19607843137254902
2020-03-31,Rhode Island,44,8,4,8,deaths,1.0
2020-03-31,South Carolina,45,11,158,1083,cases,0.17081081081081081
2020-03-31,South Carolina,45,11,4,22,deaths,0.2222222222222222
2020-03-31,South Dakota,46,1,7,108,cases,0.06930693069306931
2020-03-31,South Dakota,46,1,0,1,deaths,0.0
2020-03-31,Tennessee,47,12,0,1834,cases,0.0
2020-03-31,Tennessee,47,12,0,13,deaths,0.0
2020-03-31,Texas,48,14,533,3576,cases,0.17515609595793624
2020-03-31,Texas,48,14,11,57,deaths,0.2391304347826087
2020-03-31,Utah,49,11,81,887,cases,0.10049627791563276
2020-03-31,Utah,49,11,1,5,deaths,0.25
2020-03-31,Vermont,50,6,37,293,cases,0.14453125
2020-03-31,Vermont,50,6,1,13,deaths,0.08333333333333333
2020-03-31,Virginia,51,11,229,1250,cases,0.22428991185112634
2020-03-31,Virginia,51,11,1,27,deaths,0.038461538461538464
2020-03-31,Washington,53,24,113,5292,cases,0.021818883954431358
2020-03-31,Washington,53,24,5,226,deaths,0.02262443438914027
2020-03-31,West Virginia,54,3,17,162,cases,0.11724137931034483
2020-03-31,West Virginia,54,3,0,1,deaths,0.0
2020-03-31,Wisconsin,55,13,84,1351,cases,0.06629834254143646
2020-03-31,Wisconsin,55,13,5,25,deaths,0.25
2020-03-31,Wyoming,56,0,25,120,cases,0.2631578947368421
2020-03-31,Wyoming,56,0,0,0,deaths,
